Update Date,Yr,Mnth,Inflation Value,YoY Value,MoM Value,3 Month Trend
2026-02-02,1914,1,6.0,,,
2026-02-02,1914,2,6.0,,0.0,
2026-02-02,1914,3,6.0,,0.0,
2026-02-02,1914,4,6.0,,0.0,
2026-02-02,1914,5,5.9,,-1.6666666666666607,
2026-02-02,1914,6,6.0,,1.6949152542372818,
2026-02-02,1914,7,5.9,,-1.6666666666666607,
2026-02-02,1914,8,6.0,,1.6949152542372818,
2026-02-02,1914,9,6.0,,0.0,
2026-02-02,1914,10,6.1,,1.6666666666666607,
2026-02-02,1914,11,6.1,,0.0,
2026-02-02,1914,12,6.1,,0.0,
2026-02-02,1915,1,6.1,1.6666666666666607,0.0,
2026-02-02,1915,2,6.1,1.6666666666666607,0.0,
2026-02-02,1915,3,6.1,1.6666666666666607,0.0,1.6666666666666607
2026-02-02,1915,4,6.1,1.6666666666666607,0.0,1.6666666666666607
2026-02-02,1915,5,6.1,3.3898305084745637,0.0,2.2410546139359617
2026-02-02,1915,6,6.1,1.6666666666666607,0.0,2.2410546139359617
2026-02-02,1915,7,6.1,3.3898305084745637,0.0,2.8154425612052627
2026-02-02,1915,8,6.1,1.6666666666666607,0.0,2.2410546139359617
2026-02-02,1915,9,6.1,1.6666666666666607,0.0,2.2410546139359617
2026-02-02,1915,10,6.1,0.0,0.0,1.1111111111111072
2026-02-02,1915,11,6.3,3.2786885245901667,3.2786885245901667,1.6484517304189426
2026-02-02,1915,12,6.3,3.2786885245901667,0.0,2.185792349726778
2026-02-02,1916,1,6.4,4.918032786885258,1.5873015873015959,3.8251366120218635
2026-02-02,1916,2,6.5,6.557377049180333,1.5624999999999944,4.918032786885253
2026-02-02,1916,3,6.5,6.557377049180333,0.0,6.010928961748642
2026-02-02,1916,4,6.5,6.557377049180333,0.0,6.557377049180333
2026-02-02,1916,5,6.5,6.557377049180333,0.0,6.557377049180333
2026-02-02,1916,6,6.6,8.196721311475411,1.538461538461533,7.103825136612026
2026-02-02,1916,7,6.6,8.196721311475411,0.0,7.650273224043718
2026-02-02,1916,8,6.6,8.196721311475411,0.0,8.196721311475411
2026-02-02,1916,9,6.8,11.475409836065577,3.030303030303033,9.289617486338798
2026-02-02,1916,10,6.9,13.114754098360667,1.4705882352941255,10.928961748633887
2026-02-02,1916,11,7.1,12.698412698412694,2.898550724637671,12.429525544279647
2026-02-02,1916,12,7.2,14.28571428571429,1.4084507042253596,13.36629369416255
2026-02-02,1917,1,7.4,15.625,2.77777777777778,14.203042328042327
2026-02-02,1917,2,7.4,13.846153846153852,0.0,14.585622710622715
2026-02-02,1917,3,7.6,16.92307692307692,2.7027027027026933,15.464743589743591
2026-02-02,1917,4,7.6,16.92307692307692,0.0,15.897435897435898
2026-02-02,1917,5,7.9,21.538461538461544,3.947368421052641,18.46153846153846
2026-02-02,1917,6,8.0,21.212121212121218,1.265822784810122,19.891219891219894
2026-02-02,1917,7,8.0,21.212121212121218,0.0,21.320901320901328
2026-02-02,1917,8,8.0,21.212121212121218,0.0,21.212121212121218
2026-02-02,1917,9,8.0,17.647058823529417,0.0,20.02376708259062
2026-02-02,1917,10,8.2,18.84057971014491,2.499999999999991,19.233253248598515
2026-02-02,1917,11,8.2,15.492957746478869,0.0,17.32686542671773
2026-02-02,1917,12,8.3,15.277777777777784,1.2195121951219685,16.537105078133852
2026-02-02,1918,1,8.4,13.513513513513512,1.2048192771084292,14.761416345923388
2026-02-02,1918,2,8.5,14.86486486486486,1.1904761904761862,14.552052052052053
2026-02-02,1918,3,8.6,13.157894736842104,1.17647058823529,13.845424371740158
2026-02-02,1918,4,8.6,13.157894736842104,0.0,13.726884779516356
2026-02-02,1918,5,8.7,10.126582278481,1.1627906976744147,12.147457250721736
2026-02-02,1918,6,8.8,10.000000000000009,1.1494252873563382,11.094825671774371
2026-02-02,1918,7,8.9,11.250000000000004,1.1363636363636322,10.458860759493671
2026-02-02,1918,8,9.2,14.999999999999991,3.370786516853921,12.083333333333336
2026-02-02,1918,9,9.2,14.999999999999991,0.0,13.749999999999995
2026-02-02,1918,10,9.3,13.41463414634148,1.086956521739146,14.471544715447154
2026-02-02,1918,11,9.4,14.634146341463428,1.0752688172042972,14.349593495934966
2026-02-02,1918,12,9.4,13.253012048192767,0.0,13.767264178665892
2026-02-02,1919,1,9.5,13.09523809523809,1.0638297872340388,13.660798828298093
2026-02-02,1919,2,9.4,10.58823529411765,-1.0526315789473648,12.312161812516168
2026-02-02,1919,3,9.4,9.302325581395356,0.0,10.9952663235837
2026-02-02,1919,4,9.4,9.302325581395356,0.0,9.730962152302787
2026-02-02,1919,5,9.7,11.49425287356322,3.1914893617021165,10.032968012117976
2026-02-02,1919,6,9.7,10.22727272727271,0.0,10.34128372741043
2026-02-02,1919,7,9.8,10.112359550561802,1.0309278350515612,10.61129505046591
2026-02-02,1919,8,10.0,8.695652173913052,2.0408163265306047,9.678428150582521
2026-02-02,1919,9,10.0,8.695652173913052,0.0,9.167887966129301
2026-02-02,1919,10,10.0,7.526881720430099,0.0,8.306062022752068
2026-02-02,1919,11,10.1,7.446808510638291,0.9999999999999963,7.889780801660479
2026-02-02,1919,12,10.2,8.51063829787233,0.9900990099009866,7.828109509646906
2026-02-02,1920,1,10.6,11.578947368421048,3.921568627450984,9.178798058977222
2026-02-02,1920,2,10.8,14.893617021276597,1.8867924528301987,11.661067562523323
2026-02-02,1920,3,11.2,19.148936170212753,3.7037037037036904,15.207166853303468
2026-02-02,1920,4,11.3,20.212765957446813,0.8928571428571557,18.085106382978722
2026-02-02,1920,5,11.6,19.587628865979386,2.6548672566371585,19.649776997879652
2026-02-02,1920,6,11.8,21.649484536082493,1.7241379310344922,20.483293119836233
2026-02-02,1920,7,11.8,20.40816326530612,0.0,20.548425555789333
2026-02-02,1920,8,11.7,16.999999999999993,-0.847457627118656,19.685882600462868
2026-02-02,1920,9,11.5,15.0,-1.7094017094017033,17.469387755102037
2026-02-02,1920,10,11.5,15.0,0.0,15.666666666666664
2026-02-02,1920,11,11.3,11.881188118811892,-1.7391304347826024,13.960396039603964
2026-02-02,1920,12,11.2,9.803921568627452,-0.8849557522124019,12.228369895813115
2026-02-02,1921,1,11.0,3.7735849056603805,-1.7857142857142794,8.486231531033242
2026-02-02,1921,2,10.8,0.0,-1.818181818181812,4.5258354914292775
2026-02-02,1921,3,10.5,-6.249999999999994,-2.7777777777777843,-0.8254716981132043
2026-02-02,1921,4,10.2,-9.734513274336296,-2.857142857142864,-5.328171091445429
2026-02-02,1921,5,10.0,-13.79310344827586,-1.9607843137254832,-9.925872240870715
2026-02-02,1921,6,9.7,-17.796610169491537,-3.000000000000007,-13.774742297367899
2026-02-02,1921,7,9.7,-17.796610169491537,0.0,-16.46210792908631
2026-02-02,1921,8,9.7,-17.094017094017094,0.0,-17.562412477666722
2026-02-02,1921,9,9.7,-15.652173913043486,0.0,-16.847600392184038
2026-02-02,1921,10,9.7,-15.652173913043486,0.0,-16.132788306701354
2026-02-02,1921,11,9.4,-16.8141592920354,-3.0927835051546286,-16.039502372707457
2026-02-02,1921,12,9.4,-16.071428571428566,0.0,-16.179253925502483
2026-02-02,1922,1,9.4,-14.545454545454541,0.0,-15.810347469639503
2026-02-02,1922,2,9.3,-13.888888888888888,-1.0638297872340388,-14.835257335257332
2026-02-02,1922,3,9.2,-12.380952380952388,-1.0752688172043163,-13.605098605098606
2026-02-02,1922,4,9.2,-9.803921568627452,0.0,-12.024587612822911
2026-02-02,1922,5,9.1,-9.000000000000004,-1.0869565217391266,-10.394957983193281
2026-02-02,1922,6,9.1,-6.185567010309275,0.0,-8.329829526312244
2026-02-02,1922,7,9.1,-6.185567010309275,0.0,-7.123711340206185
2026-02-02,1922,8,9.2,-5.154639175257732,1.098901098901095,-5.8419243986254275
2026-02-02,1922,9,9.2,-5.154639175257732,0.0,-5.49828178694158
2026-02-02,1922,10,9.2,-5.154639175257732,0.0,-5.154639175257732
2026-02-02,1922,11,9.2,-2.1276595744680966,0.0,-4.145645974994521
2026-02-02,1922,12,9.2,-2.1276595744680966,0.0,-3.1366527747313087
2026-02-02,1923,1,9.2,-2.1276595744680966,0.0,-2.1276595744680966
2026-02-02,1923,2,9.2,-1.0752688172043163,0.0,-1.7768626553801699
2026-02-02,1923,3,9.3,1.086956521739146,1.086956521739146,-0.7053239566444223
2026-02-02,1923,4,9.2,0.0,-1.0752688172043163,0.0038959015116098636
2026-02-02,1923,5,9.2,1.098901098901095,0.0,0.7286192068800803
2026-02-02,1923,6,9.2,1.098901098901095,0.0,0.73260073260073
2026-02-02,1923,7,9.1,0.0,-1.0869565217391266,0.73260073260073
2026-02-02,1923,8,9.2,0.0,1.098901098901095,0.366300366300365
2026-02-02,1923,9,9.2,0.0,0.0,0.0
2026-02-02,1923,10,9.2,0.0,0.0,0.0
2026-02-02,1923,11,9.2,0.0,0.0,0.0
2026-02-02,1923,12,9.2,0.0,0.0,0.0
2026-02-02,1924,1,9.2,0.0,0.0,0.0
2026-02-02,1924,2,9.2,0.0,0.0,0.0
2026-02-02,1924,3,9.2,-1.0752688172043163,0.0,-0.35842293906810546
2026-02-02,1924,4,9.0,-2.173913043478253,-2.173913043478253,-1.0830606202275233
2026-02-02,1924,5,8.9,-3.26086956521738,-1.1111111111111072,-2.1700171419666496
2026-02-02,1924,6,8.8,-4.347826086956506,-1.1235955056179736,-3.26086956521738
2026-02-02,1924,7,8.8,-3.296703296703285,0.0,-3.635132982959057
2026-02-02,1924,8,9.0,-2.173913043478253,2.2727272727272645,-3.272814142379348
2026-02-02,1924,9,9.0,-2.173913043478253,0.0,-2.5481764612199305
2026-02-02,1924,10,9.0,-2.173913043478253,0.0,-2.173913043478253
2026-02-02,1924,11,9.1,-1.0869565217391266,1.1111111111111072,-1.8115942028985446
2026-02-02,1924,12,9.1,-1.0869565217391266,0.0,-1.4492753623188355
2026-02-02,1925,1,9.2,0.0,1.098901098901095,-0.7246376811594177
2026-02-02,1925,2,9.2,0.0,0.0,-0.36231884057970887
2026-02-02,1925,3,9.2,0.0,0.0,0.0
2026-02-02,1925,4,9.1,1.1111111111111072,-1.0869565217391266,0.3703703703703691
2026-02-02,1925,5,9.0,1.1235955056179736,-1.098901098901095,0.7449022055763602
2026-02-02,1925,6,9.0,2.2727272727272645,0.0,1.5024779631521152
2026-02-02,1925,7,9.0,2.2727272727272645,0.0,1.889683350357501
2026-02-02,1925,8,9.1,1.1111111111111072,1.1111111111111072,1.8855218855218787
2026-02-02,1925,9,9.1,1.1111111111111072,0.0,1.498316498316493
2026-02-02,1925,10,9.2,2.2222222222222143,1.098901098901095,1.4814814814814763
2026-02-02,1925,11,9.2,1.098901098901095,0.0,1.4774114774114722
2026-02-02,1925,12,9.3,2.19780219780221,1.086956521739146,1.8396418396418397
2026-02-02,1926,1,9.2,0.0,-1.0752688172043163,1.0989010989011017
2026-02-02,1926,2,9.2,0.0,0.0,0.7326007326007367
2026-02-02,1926,3,9.2,0.0,0.0,0.0
2026-02-02,1926,4,9.2,1.098901098901095,0.0,0.366300366300365
2026-02-02,1926,5,9.2,2.2222222222222143,0.0,1.107041107041103
2026-02-02,1926,6,9.2,2.2222222222222143,0.0,1.8477818477818413
2026-02-02,1926,7,9.2,2.2222222222222143,0.0,2.2222222222222143
2026-02-02,1926,8,9.2,1.098901098901095,0.0,1.8477818477818413
2026-02-02,1926,9,9.2,1.098901098901095,0.0,1.473341473341468
2026-02-02,1926,10,9.2,0.0,0.0,0.73260073260073
2026-02-02,1926,11,9.2,0.0,0.0,0.366300366300365
2026-02-02,1926,12,9.2,-1.0752688172043163,0.0,-0.35842293906810546
2026-02-02,1927,1,9.2,0.0,0.0,-0.35842293906810546
2026-02-02,1927,2,9.2,0.0,0.0,-0.35842293906810546
2026-02-02,1927,3,9.1,-1.0869565217391266,-1.0869565217391266,-0.36231884057970887
2026-02-02,1927,4,9.0,-2.173913043478253,-1.098901098901095,-1.0869565217391266
2026-02-02,1927,5,9.0,-2.173913043478253,0.0,-1.8115942028985443
2026-02-02,1927,6,9.0,-2.173913043478253,0.0,-2.173913043478253
2026-02-02,1927,7,9.1,-1.0869565217391266,1.1111111111111072,-1.8115942028985443
2026-02-02,1927,8,9.0,-2.173913043478253,-1.098901098901095,-1.8115942028985443
2026-02-02,1927,9,9.0,-2.173913043478253,0.0,-1.8115942028985443
2026-02-02,1927,10,9.0,-2.173913043478253,0.0,-2.173913043478253
2026-02-02,1927,11,9.1,-1.0869565217391266,1.1111111111111072,-1.811594202898544
2026-02-02,1927,12,9.1,-1.0869565217391266,0.0,-1.4492753623188352
2026-02-02,1928,1,9.2,0.0,1.098901098901095,-0.7246376811594174
2026-02-02,1928,2,9.2,0.0,0.0,-0.3623188405797086
2026-02-02,1928,3,9.1,0.0,-1.0869565217391266,0.0
2026-02-02,1928,4,9.1,1.1111111111111072,0.0,0.37037037037036935
2026-02-02,1928,5,9.0,0.0,-1.098901098901095,0.37037037037036935
2026-02-02,1928,6,9.0,0.0,0.0,0.37037037037036935
2026-02-02,1928,7,9.0,-1.098901098901095,0.0,-0.3663003663003647
2026-02-02,1928,8,9.2,2.2222222222222143,2.2222222222222143,0.3744403744403734
2026-02-02,1928,9,9.2,2.2222222222222143,0.0,1.1151811151811115
2026-02-02,1928,10,9.2,2.2222222222222143,0.0,2.2222222222222143
2026-02-02,1928,11,9.2,1.098901098901095,0.0,1.8477818477818415
2026-02-02,1928,12,9.2,1.098901098901095,0.0,1.4733414733414685
2026-02-02,1929,1,9.2,0.0,0.0,0.7326007326007303
2026-02-02,1929,2,9.2,0.0,0.0,0.3663003663003653
2026-02-02,1929,3,9.2,1.098901098901095,0.0,0.3663003663003653
2026-02-02,1929,4,9.1,0.0,-1.0869565217391266,0.3663003663003653
2026-02-02,1929,5,9.2,2.2222222222222143,1.098901098901095,1.1070411070411035
2026-02-02,1929,6,9.2,2.2222222222222143,0.0,1.4814814814814765
2026-02-02,1929,7,9.2,2.2222222222222143,0.0,2.2222222222222143
2026-02-02,1929,8,9.2,0.0,0.0,1.4814814814814765
2026-02-02,1929,9,9.2,0.0,0.0,0.7407407407407384
2026-02-02,1929,10,9.3,1.086956521739146,1.086956521739146,0.3623188405797156
2026-02-02,1929,11,9.3,1.086956521739146,0.0,0.724637681159431
2026-02-02,1929,12,9.4,2.1739130434782727,1.0752688172042972,1.4492753623188552
2026-02-02,1930,1,9.4,2.1739130434782727,0.0,1.811594202898564
2026-02-02,1930,2,9.4,2.1739130434782727,0.0,2.1739130434782727
2026-02-02,1930,3,9.3,1.086956521739146,-1.0638297872340388,1.8115942028985643
2026-02-02,1930,4,9.2,1.098901098901095,-1.0752688172043163,1.4532568880395047
2026-02-02,1930,5,9.2,0.0,0.0,0.7286192068800806
2026-02-02,1930,6,9.2,0.0,0.0,0.3663003663003653
2026-02-02,1930,7,9.2,0.0,0.0,0.0
2026-02-02,1930,8,9.2,0.0,0.0,0.0
2026-02-02,1930,9,8.9,-3.26086956521738,-3.26086956521738,-1.0869565217391264
2026-02-02,1930,10,8.9,-4.3010752688172085,0.0,-2.5206482780115294
2026-02-02,1930,11,8.9,-4.3010752688172085,0.0,-3.954340034283932
2026-02-02,1930,12,8.8,-6.382978723404251,-1.1235955056179736,-4.995043087012889
2026-02-02,1931,1,8.7,-7.446808510638308,-1.1363636363636525,-6.043620834286589
2026-02-02,1931,2,8.6,-8.510638297872347,-1.1494252873563178,-7.446808510638302
2026-02-02,1931,3,8.5,-8.602150537634417,-1.1627906976744147,-8.186532448715026
2026-02-02,1931,4,8.4,-8.695652173913032,-1.17647058823529,-8.602813669806599
2026-02-02,1931,5,8.3,-9.78260869565216,-1.1904761904761862,-9.02680380239987
2026-02-02,1931,6,8.2,-10.869565217391305,-1.2048192771084507,-9.782608695652165
2026-02-02,1931,7,8.1,-11.956521739130432,-1.219512195121947,-10.869565217391298
2026-02-02,1931,8,8.2,-10.869565217391305,1.2345679012345634,-11.231884057971014
2026-02-02,1931,9,8.1,-8.988764044943828,-1.219512195121947,-10.604950333821854
2026-02-02,1931,10,7.9,-11.235955056179774,-2.469135802469127,-10.364761439504969
2026-02-02,1931,11,7.9,-11.235955056179774,0.0,-10.486891385767793
2026-02-02,1931,12,7.9,-10.22727272727273,0.0,-10.899727613210759
2026-02-02,1932,1,7.8,-10.344827586206891,-1.2658227848101333,-10.602685123219798
2026-02-02,1932,2,7.6,-11.627906976744185,-2.5641025641025665,-10.733335763407936
2026-02-02,1932,3,7.6,-10.58823529411765,0.0,-10.853656619022908
2026-02-02,1932,4,7.6,-9.52380952380953,0.0,-10.579983931557122
2026-02-02,1932,5,7.4,-10.843373493975907,-2.631578947368412,-10.318472770634363
2026-02-02,1932,6,7.4,-9.756097560975597,0.0,-10.041093526253677
2026-02-02,1932,7,7.4,-8.641975308641966,0.0,-9.74714878786449
2026-02-02,1932,8,7.4,-9.756097560975597,0.0,-9.384723476864387
2026-02-02,1932,9,7.4,-8.641975308641966,0.0,-9.013349392753176
2026-02-02,1932,10,7.3,-7.594936708860765,-1.3513513513513586,-8.664336526159444
2026-02-02,1932,11,7.3,-7.594936708860765,0.0,-7.943949575454499
2026-02-02,1932,12,7.3,-7.594936708860765,0.0,-7.594936708860765
2026-02-02,1933,1,7.2,-7.692307692307689,-1.3698630136986254,-7.627393703343074
2026-02-02,1933,2,7.2,-5.263157894736835,0.0,-6.850134098635096
2026-02-02,1933,3,7.1,-6.578947368421052,-1.3888888888888962,-6.511470985155192
2026-02-02,1933,4,7.1,-6.578947368421052,0.0,-6.140350877192979
2026-02-02,1933,5,7.1,-4.054054054054063,0.0,-5.737316263632056
2026-02-02,1933,6,7.1,-4.054054054054063,0.0,-4.89568515884306
2026-02-02,1933,7,7.1,-4.054054054054063,0.0,-4.054054054054063
2026-02-02,1933,8,7.2,-2.702702702702705,1.4084507042253596,-3.6036036036036108
2026-02-02,1933,9,7.2,-2.702702702702705,0.0,-3.153153153153158
2026-02-02,1933,10,7.1,-2.739726027397263,-1.3888888888888962,-2.7150438109342243
2026-02-02,1933,11,7.1,-2.739726027397263,0.0,-2.7273849191657433
2026-02-02,1933,12,7.1,-2.739726027397263,0.0,-2.739726027397263
2026-02-02,1934,1,7.2,0.0,1.4084507042253596,-1.826484018264842
2026-02-02,1934,2,7.2,0.0,0.0,-0.9132420091324209
2026-02-02,1934,3,7.3,2.8169014084507067,1.388888888888884,0.9389671361502355
2026-02-02,1934,4,7.3,2.8169014084507067,0.0,1.877934272300471
2026-02-02,1934,5,7.2,1.4084507042253596,-1.3698630136986254,2.347417840375591
2026-02-02,1934,6,7.2,1.4084507042253596,0.0,1.8779342723004753
2026-02-02,1934,7,7.2,1.4084507042253596,0.0,1.4084507042253596
2026-02-02,1934,8,7.2,0.0,0.0,0.9389671361502397
2026-02-02,1934,9,7.2,0.0,0.0,0.4694835680751199
2026-02-02,1934,10,7.2,1.4084507042253596,0.0,0.4694835680751199
2026-02-02,1934,11,7.2,1.4084507042253596,0.0,0.9389671361502397
2026-02-02,1934,12,7.2,1.4084507042253596,0.0,1.4084507042253596
2026-02-02,1935,1,7.2,0.0,0.0,0.9389671361502397
2026-02-02,1935,2,7.2,0.0,0.0,0.4694835680751199
2026-02-02,1935,3,7.2,-1.3698630136986254,0.0,-0.45662100456620847
2026-02-02,1935,4,7.2,-1.3698630136986254,0.0,-0.9132420091324169
2026-02-02,1935,5,7.2,0.0,0.0,-0.9132420091324169
2026-02-02,1935,6,7.2,0.0,0.0,-0.45662100456620847
2026-02-02,1935,7,7.2,0.0,0.0,0.0
2026-02-02,1935,8,7.2,0.0,0.0,0.0
2026-02-02,1935,9,7.3,1.388888888888884,1.388888888888884,0.4629629629629613
2026-02-02,1935,10,7.3,1.388888888888884,0.0,0.9259259259259226
2026-02-02,1935,11,7.4,2.77777777777778,1.3698630136986376,1.8518518518518494
2026-02-02,1935,12,7.4,2.77777777777778,0.0,2.3148148148148144
2026-02-02,1936,1,7.4,2.77777777777778,0.0,2.77777777777778
2026-02-02,1936,2,7.4,2.77777777777778,0.0,2.77777777777778
2026-02-02,1936,3,7.4,2.77777777777778,0.0,2.77777777777778
2026-02-02,1936,4,7.3,1.388888888888884,-1.3513513513513586,2.3148148148148144
2026-02-02,1936,5,7.3,1.388888888888884,0.0,1.8518518518518494
2026-02-02,1936,6,7.3,1.388888888888884,0.0,1.388888888888884
2026-02-02,1936,7,7.4,2.77777777777778,1.3698630136986376,1.8518518518518494
2026-02-02,1936,8,7.4,2.77777777777778,0.0,2.3148148148148144
2026-02-02,1936,9,7.4,1.3698630136986376,0.0,2.308472856418066
2026-02-02,1936,10,7.5,2.739726027397263,1.3513513513513467,2.2957889396245603
2026-02-02,1936,11,7.5,1.3513513513513467,0.0,1.8203134641490823
2026-02-02,1936,12,7.5,1.3513513513513467,0.0,1.814142910033319
2026-02-02,1937,1,7.6,2.7027027027026933,1.3333333333333286,1.8018018018017956
2026-02-02,1937,2,7.6,2.7027027027026933,0.0,2.2522522522522443
2026-02-02,1937,3,7.6,2.7027027027026933,0.0,2.7027027027026933
2026-02-02,1937,4,7.6,4.109589041095888,0.0,3.171664815500425
2026-02-02,1937,5,7.6,4.109589041095888,0.0,3.6406269282981563
2026-02-02,1937,6,7.6,4.109589041095888,0.0,4.109589041095888
2026-02-02,1937,7,7.6,2.7027027027026933,0.0,3.6406269282981563
2026-02-02,1937,8,7.7,4.054054054054052,1.3157894736842175,3.622115265950878
2026-02-02,1937,9,7.7,4.054054054054052,0.0,3.6036036036035988
2026-02-02,1937,10,7.8,3.9999999999999973,1.298701298701294,4.036036036036034
2026-02-02,1937,11,7.8,3.9999999999999973,0.0,4.018018018018015
2026-02-02,1937,12,7.8,3.9999999999999973,0.0,3.9999999999999973
2026-02-02,1938,1,7.7,1.3157894736842175,-1.2820512820512775,3.1052631578947376
2026-02-02,1938,2,7.7,1.3157894736842175,0.0,2.2105263157894774
2026-02-02,1938,3,7.8,2.631578947368424,1.298701298701294,1.7543859649122862
2026-02-02,1938,4,7.8,2.631578947368424,0.0,2.192982456140355
2026-02-02,1938,5,7.7,1.3157894736842175,-1.2820512820512775,2.192982456140355
2026-02-02,1938,6,7.7,1.3157894736842175,0.0,1.7543859649122862
2026-02-02,1938,7,7.8,2.631578947368424,1.298701298701294,1.7543859649122862
2026-02-02,1938,8,7.8,1.298701298701294,0.0,1.748689906584645
2026-02-02,1938,9,7.7,0.0,-1.2820512820512775,1.3100934153565726
2026-02-02,1938,10,7.6,-2.5641025641025665,-1.2987012987013056,-0.4218004218004241
2026-02-02,1938,11,7.6,-2.5641025641025665,0.0,-1.709401709401711
2026-02-02,1938,12,7.6,-2.5641025641025665,0.0,-2.5641025641025665
2026-02-02,1939,1,7.6,-1.2987012987013056,0.0,-2.1423021423021464
2026-02-02,1939,2,7.6,-1.2987012987013056,0.0,-1.7205017205017257
2026-02-02,1939,3,7.6,-2.5641025641025665,0.0,-1.7205017205017257
2026-02-02,1939,4,7.6,-2.5641025641025665,0.0,-2.142302142302146
2026-02-02,1939,5,7.6,-1.2987012987013056,0.0,-2.1423021423021464
2026-02-02,1939,6,7.6,-1.2987012987013056,0.0,-1.7205017205017257
2026-02-02,1939,7,7.6,-2.5641025641025665,0.0,-1.7205017205017257
2026-02-02,1939,8,7.6,-2.5641025641025665,0.0,-2.142302142302146
2026-02-02,1939,9,7.6,-1.2987012987013056,0.0,-2.1423021423021464
2026-02-02,1939,10,7.8,2.631578947368424,2.631578947368424,-0.4104083051451493
2026-02-02,1939,11,7.8,2.631578947368424,0.0,1.3214855320118475
2026-02-02,1939,12,7.8,2.631578947368424,0.0,2.631578947368424
2026-02-02,1940,1,7.8,2.631578947368424,0.0,2.631578947368424
2026-02-02,1940,2,7.8,2.631578947368424,0.0,2.631578947368424
2026-02-02,1940,3,7.9,3.947368421052641,1.282051282051289,3.0701754385964963
2026-02-02,1940,4,7.9,3.947368421052641,0.0,3.5087719298245688
2026-02-02,1940,5,7.9,3.947368421052641,0.0,3.947368421052641
2026-02-02,1940,6,7.9,3.947368421052641,0.0,3.947368421052641
2026-02-02,1940,7,8.0,5.263157894736848,1.265822784810122,4.38596491228071
2026-02-02,1940,8,8.0,5.263157894736848,0.0,4.8245614035087785
2026-02-02,1940,9,8.1,6.578947368421052,1.2499999999999956,5.701754385964915
2026-02-02,1940,10,8.1,3.8461538461538445,0.0,5.229419703103915
2026-02-02,1940,11,8.1,3.8461538461538445,0.0,4.757085020242914
2026-02-02,1940,12,8.2,5.1282051282051215,1.2345679012345634,4.27350427350427
2026-02-02,1941,1,8.2,5.1282051282051215,0.0,4.700854700854696
2026-02-02,1941,2,8.2,5.1282051282051215,0.0,5.1282051282051215
2026-02-02,1941,3,8.2,3.797468354430366,0.0,4.684626203613536
2026-02-02,1941,4,8.2,3.797468354430366,0.0,4.241047279021951
2026-02-02,1941,5,8.2,3.797468354430366,0.0,3.797468354430366
2026-02-02,1941,6,8.4,6.329113924050632,2.4390243902439157,4.6413502109704545
2026-02-02,1941,7,8.5,6.25,1.1904761904761862,5.458860759493667
2026-02-02,1941,8,8.6,7.499999999999996,1.17647058823529,6.693037974683542
2026-02-02,1941,9,8.7,7.407407407407403,1.1627906976744147,7.052469135802466
2026-02-02,1941,10,8.7,7.407407407407403,0.0,7.438271604938268
2026-02-02,1941,11,8.8,8.641975308641989,1.1494252873563382,7.818930041152265
2026-02-02,1941,12,8.7,6.097560975609757,-1.1363636363636525,7.382314563886383
2026-02-02,1942,1,8.7,6.097560975609757,0.0,6.9456990866205
2026-02-02,1942,2,8.7,6.097560975609757,0.0,6.097560975609757
2026-02-02,1942,3,8.8,7.3170731707317245,1.1494252873563382,6.5040650406504135
2026-02-02,1942,4,8.8,7.3170731707317245,0.0,6.910569105691068
2026-02-02,1942,5,8.8,7.3170731707317245,0.0,7.3170731707317245
2026-02-02,1942,6,8.8,4.761904761904765,0.0,6.465350367789405
2026-02-02,1942,7,8.9,4.70588235294118,1.1363636363636322,5.594953428525891
2026-02-02,1942,8,8.9,3.4883720930232642,0.0,4.318719735956404
2026-02-02,1942,9,8.8,1.1494252873563382,-1.1235955056179736,3.114559911106928
2026-02-02,1942,10,8.9,2.298850574712656,1.1363636363636322,2.3122159850307527
2026-02-02,1942,11,9.0,2.2727272727272645,1.1235955056179736,1.9070010449320864
2026-02-02,1942,12,9.0,3.4482758620689737,0.0,2.673284569836298
2026-02-02,1943,1,8.8,1.1494252873563382,-2.2222222222222143,2.2901428073841923
2026-02-02,1943,2,8.8,1.1494252873563382,0.0,1.91570881226055
2026-02-02,1943,3,8.8,0.0,0.0,0.7662835249042255
2026-02-02,1943,4,9.0,2.2727272727272645,2.2727272727272645,1.1407175200278676
2026-02-02,1943,5,9.0,2.2727272727272645,0.0,1.5151515151515096
2026-02-02,1943,6,9.0,2.2727272727272645,0.0,2.2727272727272645
2026-02-02,1943,7,9.1,2.2471910112359472,1.1111111111111072,2.264215185563492
2026-02-02,1943,8,9.1,2.2471910112359472,0.0,2.2557030983997195
2026-02-02,1943,9,9.2,4.545454545454529,1.098901098901095,3.0132788559754746
2026-02-02,1943,10,9.2,3.370786516853921,0.0,3.387810691181466
2026-02-02,1943,11,9.2,2.2222222222222143,0.0,3.3794877615102212
2026-02-02,1943,12,9.2,2.2222222222222143,0.0,2.6050769870994497
2026-02-02,1944,1,9.1,3.409090909090897,-1.0869565217391266,2.6178451178451088
2026-02-02,1944,2,9.1,3.409090909090897,0.0,3.013468013468003
2026-02-02,1944,3,9.1,3.409090909090897,0.0,3.409090909090897
2026-02-02,1944,4,9.1,1.1111111111111072,0.0,2.643097643097634
2026-02-02,1944,5,9.1,1.1111111111111072,0.0,1.8771043771043707
2026-02-02,1944,6,9.1,1.1111111111111072,0.0,1.1111111111111072
2026-02-02,1944,7,9.1,0.0,0.0,0.7407407407407381
2026-02-02,1944,8,9.1,0.0,0.0,0.3703703703703691
2026-02-02,1944,9,9.1,-1.0869565217391266,0.0,-0.36231884057970887
2026-02-02,1944,10,9.1,-1.0869565217391266,0.0,-0.7246376811594177
2026-02-02,1944,11,9.1,-1.0869565217391266,0.0,-1.0869565217391266
2026-02-02,1944,12,9.0,-2.173913043478253,-1.098901098901095,-1.4492753623188355
2026-02-02,1945,1,9.0,-1.098901098901095,0.0,-1.4532568880394916
2026-02-02,1945,2,9.1,0.0,1.1111111111111072,-1.0909380474597827
2026-02-02,1945,3,9.1,0.0,0.0,-0.36630036630036483
2026-02-02,1945,4,9.1,0.0,0.0,0.0
2026-02-02,1945,5,9.1,0.0,0.0,0.0
2026-02-02,1945,6,9.2,1.098901098901095,1.098901098901095,0.36630036630036517
2026-02-02,1945,7,9.2,1.098901098901095,0.0,0.7326007326007301
2026-02-02,1945,8,9.2,1.098901098901095,0.0,1.098901098901095
2026-02-02,1945,9,9.2,1.098901098901095,0.0,1.098901098901095
2026-02-02,1945,10,9.2,1.098901098901095,0.0,1.098901098901095
2026-02-02,1945,11,9.2,1.098901098901095,0.0,1.098901098901095
2026-02-02,1945,12,9.2,2.2222222222222143,0.0,1.473341473341468
2026-02-02,1946,1,9.2,2.2222222222222143,0.0,1.8477818477818413
2026-02-02,1946,2,9.2,1.098901098901095,0.0,1.8477818477818413
2026-02-02,1946,3,9.2,1.098901098901095,0.0,1.473341473341468
2026-02-02,1946,4,9.2,1.098901098901095,0.0,1.098901098901095
2026-02-02,1946,5,9.2,1.098901098901095,0.0,1.098901098901095
2026-02-02,1946,6,9.4,2.1739130434782727,2.1739130434782727,1.4572384137601544
2026-02-02,1946,7,9.5,3.2608695652173996,1.0638297872340388,2.1778945691989224
2026-02-02,1946,8,9.6,4.347826086956526,1.0526315789473648,3.2608695652173996
2026-02-02,1946,9,9.6,4.347826086956526,0.0,3.9855072463768173
2026-02-02,1946,10,9.7,5.434782608695652,1.041666666666663,4.710144927536235
2026-02-02,1946,11,9.7,5.434782608695652,0.0,5.072463768115944
2026-02-02,1946,12,9.7,5.434782608695652,0.0,5.434782608695652
2026-02-02,1947,1,9.7,5.434782608695652,0.0,5.434782608695652
2026-02-02,1947,2,9.7,5.434782608695652,0.0,5.434782608695652
2026-02-02,1947,3,9.8,6.521739130434799,1.0309278350515612,5.797101449275368
2026-02-02,1947,4,9.9,7.608695652173925,1.0204081632653024,6.521739130434792
2026-02-02,1947,5,10.1,9.78260869565218,2.0202020202020132,7.971014492753635
2026-02-02,1947,6,10.2,8.51063829787233,0.9900990099009866,8.633980881899477
2026-02-02,1947,7,10.3,8.421052631578956,0.9803921568627592,8.904766541701155
2026-02-02,1947,8,10.3,7.2916666666666785,0.0,8.074452532039322
2026-02-02,1947,9,10.6,10.416666666666668,2.9126213592232904,8.709795321637435
2026-02-02,1947,10,10.8,11.340206185567025,1.8867924528301987,9.682846506300123
2026-02-02,1947,11,10.9,12.371134020618568,0.9259259259259226,11.376002290950753
2026-02-02,1947,12,11.1,14.432989690721653,1.8348623853210944,12.714776632302415
2026-02-02,1948,1,11.2,15.463917525773196,0.9009009009008978,14.089347079037806
2026-02-02,1948,2,11.4,17.5257731958763,1.7857142857142954,15.80756013745705
2026-02-02,1948,3,11.4,16.326530612244895,0.0,16.438740444631463
2026-02-02,1948,4,11.5,16.16161616161616,0.8771929824561372,16.671306656579116
2026-02-02,1948,5,11.6,14.85148514851485,0.8695652173913012,15.779877307458634
2026-02-02,1948,6,11.8,15.686274509803935,1.7241379310344922,15.56645860664498
2026-02-02,1948,7,11.8,14.563106796116504,0.0,15.033622151478431
2026-02-02,1948,8,11.9,15.533980582524268,0.8474576271186409,15.261120629481569
2026-02-02,1948,9,12.1,14.150943396226415,1.680672268907557,14.749343591622397
2026-02-02,1948,10,12.1,12.037037037037027,0.0,13.907320338595904
2026-02-02,1948,11,12.1,11.0091743119266,0.0,12.399051581730014
2026-02-02,1948,12,12.1,9.00900900900901,0.0,10.685073452657546
2026-02-02,1949,1,12.1,8.035714285714288,0.0,9.351299202216632
2026-02-02,1949,2,12.1,6.140350877192976,0.0,7.7283580573054245
2026-02-02,1949,3,12.1,6.140350877192976,0.0,6.772138680033414
2026-02-02,1949,4,12.1,5.217391304347823,0.0,5.8326976862445905
2026-02-02,1949,5,12.1,4.310344827586207,0.0,5.222695669709002
2026-02-02,1949,6,12.1,2.542372881355923,0.0,4.023369671096651
2026-02-02,1949,7,12.1,2.542372881355923,0.0,3.1316968634326847
2026-02-02,1949,8,12.2,2.5210084033613356,0.8264462809917326,2.535251388691061
2026-02-02,1949,9,12.2,0.8264462809917326,0.0,1.9632758552363307
2026-02-02,1949,10,12.3,1.6528925619834798,0.8196721311475527,1.666782415445516
2026-02-02,1949,11,12.3,1.6528925619834798,0.0,1.377410468319564
2026-02-02,1949,12,12.2,0.8264462809917326,-0.8130081300813123,1.3774104683195638
2026-02-02,1950,1,12.1,0.0,-0.8196721311475381,0.8264462809917373
2026-02-02,1950,2,12.2,0.8264462809917326,0.8264462809917326,0.5509641873278217
2026-02-02,1950,3,12.3,1.6528925619834798,0.8196721311475527,0.8264462809917376
2026-02-02,1950,4,12.3,1.6528925619834798,0.0,1.377410468319564
2026-02-02,1950,5,12.3,1.6528925619834798,0.0,1.6528925619834798
2026-02-02,1950,6,12.3,1.6528925619834798,0.0,1.6528925619834798
2026-02-02,1950,7,12.4,2.4793388429752126,0.8130081300812979,1.9283746556473906
2026-02-02,1950,8,12.5,2.459016393442629,0.8064516129032229,2.197082599467107
2026-02-02,1950,9,12.7,4.0983606557377055,1.5999999999999945,3.0122386307185156
2026-02-02,1950,10,12.9,4.878048780487801,1.574803149606308,3.8118086098893786
2026-02-02,1950,11,12.9,4.878048780487801,0.0,4.618152738904436
2026-02-02,1950,12,12.9,5.737704918032796,0.0,5.164600826336133
2026-02-02,1951,1,13.0,7.438016528925623,0.7751937984496096,6.01792340914874
2026-02-02,1951,2,13.3,9.016393442622963,2.307692307692313,7.397371629860461
2026-02-02,1951,3,13.4,8.943089430894306,0.7518796992481176,8.46583313414763
2026-02-02,1951,4,13.6,10.569105691056901,1.4925373134328304,9.509529521524723
2026-02-02,1951,5,13.6,10.569105691056901,0.0,10.027100271002704
2026-02-02,1951,6,13.9,13.00813008130081,2.205882352941182,11.382113821138205
2026-02-02,1951,7,13.9,12.096774193548386,0.0,11.891336655302032
2026-02-02,1951,8,14.0,12.0,0.7194244604316521,12.368301424949733
2026-02-02,1951,9,14.1,11.023622047244098,0.7142857142857117,11.70679874693083
2026-02-02,1951,10,14.2,10.077519379844952,0.7092198581560258,11.033713809029685
2026-02-02,1951,11,14.3,10.852713178294577,0.7042253521126861,10.65128486846121
2026-02-02,1951,12,14.3,10.852713178294577,0.0,10.594315245478036
2026-02-02,1952,1,14.4,10.769230769230772,0.6993006993006968,10.824885708606644
2026-02-02,1952,2,14.3,7.518796992481203,-0.694444444444442,9.713580313335518
2026-02-02,1952,3,14.2,5.970149253731335,-0.6993006993007091,8.086059005147769
2026-02-02,1952,4,14.2,4.411764705882351,0.0,5.966903650698296
2026-02-02,1952,5,14.1,3.6764705882352944,-0.7042253521126736,4.686128182616327
2026-02-02,1952,6,14.1,1.4388489208633042,0.0,3.175694738326983
2026-02-02,1952,7,14.1,1.4388489208633042,0.0,2.184722809987301
2026-02-02,1952,8,14.1,0.7142857142857117,0.0,1.1973278520041066
2026-02-02,1952,9,14.1,0.0,0.0,0.7177115450496719
2026-02-02,1952,10,14.1,-0.7042253521126736,0.0,0.0033534540576793948
2026-02-02,1952,11,14.1,-1.398601398601406,0.0,-0.7009422502380266
2026-02-02,1952,12,14.1,-1.398601398601406,0.0,-1.1671427164384953
2026-02-02,1953,1,14.1,-2.083333333333338,0.0,-1.6268453768453834
2026-02-02,1953,2,14.0,-2.097902097902103,-0.7092198581560258,-1.8599456099456155
2026-02-02,1953,3,13.9,-2.112676056338021,-0.7142857142857117,-2.0979704958578203
2026-02-02,1953,4,13.9,-2.112676056338021,0.0,-2.107751403526048
2026-02-02,1953,5,13.9,-1.4184397163120517,0.0,-1.8812639429960312
2026-02-02,1953,6,13.9,-1.4184397163120517,0.0,-1.6498518296540414
2026-02-02,1953,7,13.9,-1.4184397163120517,0.0,-1.4184397163120517
2026-02-02,1953,8,14.1,0.0,1.4388489208633042,-0.9456264775413677
2026-02-02,1953,9,14.1,0.0,0.0,-0.4728132387706839
2026-02-02,1953,10,14.2,0.7092198581560258,0.7092198581560258,0.23640661938534194
2026-02-02,1953,11,14.1,0.0,-0.7042253521126736,0.23640661938534194
2026-02-02,1953,12,14.1,0.0,0.0,0.23640661938534194
2026-02-02,1954,1,14.1,0.0,0.0,0.0
2026-02-02,1954,2,14.1,0.7142857142857117,0.0,0.23809523809523725
2026-02-02,1954,3,14.0,0.7194244604316521,-0.7092198581560258,0.4779033915724546
2026-02-02,1954,4,14.0,0.7194244604316521,0.0,0.7177115450496719
2026-02-02,1954,5,14.0,0.7194244604316521,0.0,0.7194244604316521
2026-02-02,1954,6,14.1,1.4388489208633042,0.7142857142857117,0.9592326139088695
2026-02-02,1954,7,14.1,1.4388489208633042,0.0,1.1990407673860866
2026-02-02,1954,8,14.2,0.7092198581560258,0.7092198581560258,1.1956392332942114
2026-02-02,1954,9,14.2,0.7092198581560258,0.0,0.9524295457251185
2026-02-02,1954,10,14.2,0.0,0.0,0.4728132387706839
2026-02-02,1954,11,14.2,0.7092198581560258,0.0,0.4728132387706839
2026-02-02,1954,12,14.1,0.0,-0.7042253521126736,0.23640661938534194
2026-02-02,1955,1,14.1,0.0,0.0,0.23640661938534194
2026-02-02,1955,2,14.1,0.0,0.0,0.0
2026-02-02,1955,3,14.1,0.7142857142857117,0.0,0.23809523809523725
2026-02-02,1955,4,14.1,0.7142857142857117,0.0,0.4761904761904745
2026-02-02,1955,5,14.1,0.7142857142857117,0.0,0.7142857142857117
2026-02-02,1955,6,14.1,0.0,0.0,0.4761904761904745
2026-02-02,1955,7,14.1,0.0,0.0,0.23809523809523725
2026-02-02,1955,8,14.1,-0.7042253521126736,0.0,-0.23474178403755785
2026-02-02,1955,9,14.2,0.0,0.7092198581560258,-0.23474178403755785
2026-02-02,1955,10,14.2,0.0,0.0,-0.23474178403755785
2026-02-02,1955,11,14.2,0.0,0.0,0.0
2026-02-02,1955,12,14.2,0.7092198581560258,0.0,0.23640661938534194
2026-02-02,1956,1,14.2,0.7092198581560258,0.0,0.4728132387706839
2026-02-02,1956,2,14.1,0.0,-0.7042253521126736,0.4728132387706839
2026-02-02,1956,3,14.1,0.0,0.0,0.23640661938534194
2026-02-02,1956,4,14.1,0.0,0.0,0.0
2026-02-02,1956,5,14.1,0.0,0.0,0.0
2026-02-02,1956,6,14.3,1.4184397163120643,1.4184397163120643,0.4728132387706881
2026-02-02,1956,7,14.4,2.1276595744680904,0.6993006993006968,1.182033096926718
2026-02-02,1956,8,14.5,2.8368794326241162,0.694444444444442,2.1276595744680904
2026-02-02,1956,9,14.4,1.4084507042253596,-0.6896551724137907,2.124329903772522
2026-02-02,1956,10,14.5,2.1126760563380333,0.694444444444442,2.1193353977291696
2026-02-02,1956,11,14.6,2.8169014084507067,0.6896551724137907,2.1126760563380333
2026-02-02,1956,12,14.6,2.8169014084507067,0.0,2.582159624413149
2026-02-02,1957,1,14.6,2.8169014084507067,0.0,2.8169014084507067
2026-02-02,1957,2,14.6,3.546099290780142,0.0,3.0599673692271847
2026-02-02,1957,3,14.6,3.546099290780142,0.0,3.303033330003664
2026-02-02,1957,4,14.7,4.255319148936168,0.6849315068493127,3.7825059101654843
2026-02-02,1957,5,14.7,4.255319148936168,0.0,4.018912529550827
2026-02-02,1957,6,14.8,3.4965034965034962,0.680272108843547,4.002380598125278
2026-02-02,1957,7,14.8,2.77777777777778,0.0,3.5098668077391486
2026-02-02,1957,8,14.9,2.758620689655175,0.6756756756756733,3.0109673213121506
2026-02-02,1957,9,15.0,4.166666666666664,0.671140939597313,3.234355044699873
2026-02-02,1957,10,15.0,3.4482758620689653,0.0,3.4578544061302683
2026-02-02,1957,11,15.0,2.739726027397263,0.0,3.451556185377631
2026-02-02,1957,12,14.9,2.0547945205479503,-0.6666666666666643,2.7475988033380596
2026-02-02,1958,1,15.0,2.739726027397263,0.671140939597313,2.511415525114159
2026-02-02,1958,2,15.0,2.739726027397263,0.0,2.511415525114159
2026-02-02,1958,3,15.1,3.4246575342465753,0.6666666666666643,2.9680365296803672
2026-02-02,1958,4,15.1,2.7210884353741522,0.0,2.961823999005997
2026-02-02,1958,5,15.1,2.7210884353741522,0.0,2.955611468331627
2026-02-02,1958,6,15.1,2.0270270270270196,0.0,2.489734632591775
2026-02-02,1958,7,15.1,2.0270270270270196,0.0,2.2583808298093975
2026-02-02,1958,8,15.1,1.342281879194626,0.0,1.798778644416222
2026-02-02,1958,9,15.3,2.000000000000005,1.3245033112582854,1.7897696354072172
2026-02-02,1958,10,15.3,2.000000000000005,0.0,1.7807606263982123
2026-02-02,1958,11,15.3,2.000000000000005,0.0,2.000000000000005
2026-02-02,1958,12,15.3,2.684563758389264,0.0,2.228187919463092
2026-02-02,1959,1,15.3,2.000000000000005,0.0,2.2281879194630916
2026-02-02,1959,2,15.3,2.000000000000005,0.0,2.228187919463092
2026-02-02,1959,3,15.2,0.6622516556291367,-0.6535947712418394,1.5540838852097159
2026-02-02,1959,4,15.2,0.6622516556291367,0.0,1.1081677704194266
2026-02-02,1959,5,15.3,1.3245033112582854,0.6578947368421146,0.88300220750552
2026-02-02,1959,6,15.1,0.0,-1.307189542483667,0.6622516556291411
2026-02-02,1959,7,15.3,1.3245033112582854,1.3245033112582854,0.883002207505524
2026-02-02,1959,8,15.3,1.3245033112582854,0.0,0.883002207505524
2026-02-02,1959,9,15.5,1.3071895424836555,1.3071895424836555,1.3187320550000758
2026-02-02,1959,10,15.5,1.3071895424836555,0.0,1.3129607987418659
2026-02-02,1959,11,15.5,1.3071895424836555,0.0,1.3071895424836555
2026-02-02,1959,12,15.5,1.3071895424836555,0.0,1.3071895424836555
2026-02-02,1960,1,15.5,1.3071895424836555,0.0,1.3071895424836555
2026-02-02,1960,2,15.5,1.3071895424836555,0.0,1.3071895424836555
2026-02-02,1960,3,15.4,1.3157894736842175,-0.6451612903225784,1.3100561862171765
2026-02-02,1960,4,15.5,1.9736842105263206,0.649350649350647,1.5322210755647319
2026-02-02,1960,5,15.5,1.3071895424836555,0.0,1.5322210755647319
2026-02-02,1960,6,15.5,2.6490066225165587,0.0,1.9766267918421787
2026-02-02,1960,7,15.5,1.3071895424836555,0.0,1.7544619024946237
2026-02-02,1960,8,15.5,1.3071895424836555,0.0,1.7544619024946237
2026-02-02,1960,9,15.5,0.0,0.0,0.8714596949891041
2026-02-02,1960,10,15.7,1.2903225806451568,1.2903225806451568,0.8658373743762713
2026-02-02,1960,11,15.7,1.2903225806451568,0.0,0.8602150537634383
2026-02-02,1960,12,15.7,1.2903225806451568,0.0,1.2903225806451568
2026-02-02,1961,1,15.7,1.2903225806451568,0.0,1.2903225806451568
2026-02-02,1961,2,15.7,1.2903225806451568,0.0,1.2903225806451568
2026-02-02,1961,3,15.7,1.9480519480519412,0.0,1.5095657031140854
2026-02-02,1961,4,15.7,1.2903225806451568,0.0,1.5095657031140854
2026-02-02,1961,5,15.7,1.2903225806451568,0.0,1.5095657031140854
2026-02-02,1961,6,15.7,1.2903225806451568,0.0,1.2903225806451568
2026-02-02,1961,7,15.7,1.2903225806451568,0.0,1.2903225806451568
2026-02-02,1961,8,15.7,1.2903225806451568,0.0,1.2903225806451568
2026-02-02,1961,9,15.7,1.2903225806451568,0.0,1.2903225806451568
2026-02-02,1961,10,15.7,0.0,0.0,0.8602150537634383
2026-02-02,1961,11,15.7,0.0,0.0,0.4301075268817194
2026-02-02,1961,12,15.7,0.0,0.0,0.0
2026-02-02,1962,1,15.7,0.0,0.0,0.0
2026-02-02,1962,2,15.7,0.0,0.0,0.0
2026-02-02,1962,3,15.7,0.0,0.0,0.0
2026-02-02,1962,4,15.8,0.6369426751592447,0.6369426751592447,0.21231422505308203
2026-02-02,1962,5,15.8,0.6369426751592447,0.0,0.4246284501061636
2026-02-02,1962,6,15.9,1.2738853503184782,0.632911392405061,0.8492569002123229
2026-02-02,1962,7,15.9,1.2738853503184782,0.0,1.0615711252654008
2026-02-02,1962,8,16.0,1.9108280254777117,0.6289308176100606,1.4861995753715564
2026-02-02,1962,9,15.9,1.2738853503184782,-0.6249999999999978,1.4861995753715564
2026-02-02,1962,10,16.0,1.9108280254777117,0.6289308176100606,1.6985138004246343
2026-02-02,1962,11,16.0,1.9108280254777117,0.0,1.6985138004246343
2026-02-02,1962,12,16.0,1.9108280254777117,0.0,1.9108280254777117
2026-02-02,1963,1,16.0,1.9108280254777117,0.0,1.9108280254777117
2026-02-02,1963,2,16.0,1.9108280254777117,0.0,1.9108280254777117
2026-02-02,1963,3,16.0,1.9108280254777117,0.0,1.9108280254777117
2026-02-02,1963,4,16.0,1.265822784810122,0.0,1.6958262785885154
2026-02-02,1963,5,16.0,1.265822784810122,0.0,1.4808245316993187
2026-02-02,1963,6,16.0,0.6289308176100606,0.0,1.053525462410102
2026-02-02,1963,7,16.2,1.886792452830182,1.2499999999999956,1.260515351750122
2026-02-02,1963,8,16.3,1.8750000000000044,0.6172839506172928,1.4635744234800827
2026-02-02,1963,9,16.2,1.886792452830182,-0.6134969325153461,1.882861635220123
2026-02-02,1963,10,16.2,1.2499999999999956,0.0,1.6705974842767277
2026-02-02,1963,11,16.3,1.8750000000000044,0.6172839506172928,1.6705974842767277
2026-02-02,1963,12,16.3,1.8750000000000044,0.0,1.6666666666666685
2026-02-02,1964,1,16.3,1.8750000000000044,0.0,1.8750000000000044
2026-02-02,1964,2,16.3,1.8750000000000044,0.0,1.8750000000000044
2026-02-02,1964,3,16.3,1.8750000000000044,0.0,1.8750000000000044
2026-02-02,1964,4,16.4,2.499999999999991,0.6134969325153243,2.0833333333333335
2026-02-02,1964,5,16.4,2.499999999999991,0.0,2.2916666666666625
2026-02-02,1964,6,16.4,2.499999999999991,0.0,2.499999999999991
2026-02-02,1964,7,16.5,1.8518518518518563,0.6097560975609843,2.2839506172839465
2026-02-02,1964,8,16.5,1.2269938650306704,0.0,1.8596152389608396
2026-02-02,1964,9,16.5,1.8518518518518563,0.0,1.6435658562447948
2026-02-02,1964,10,16.5,1.8518518518518563,0.0,1.6435658562447946
2026-02-02,1964,11,16.5,1.2269938650306704,0.0,1.6435658562447946
2026-02-02,1964,12,16.6,1.8404907975460165,0.6060606060606146,1.639778838142848
2026-02-02,1965,1,16.6,1.8404907975460165,0.0,1.6359918200409014
2026-02-02,1965,2,16.6,1.8404907975460165,0.0,1.8404907975460165
2026-02-02,1965,3,16.6,1.8404907975460165,0.0,1.8404907975460165
2026-02-02,1965,4,16.7,1.8292682926829311,0.6024096385542039,1.8367499625916548
2026-02-02,1965,5,16.7,1.8292682926829311,0.0,1.8330091276372933
2026-02-02,1965,6,16.9,3.0487804878048785,1.1976047904191574,2.2357723577235804
2026-02-02,1965,7,16.9,2.4242424242424154,0.0,2.4340970682434087
2026-02-02,1965,8,16.9,2.4242424242424154,0.0,2.6324217787632365
2026-02-02,1965,9,16.9,2.4242424242424154,0.0,2.4242424242424154
2026-02-02,1965,10,16.9,2.4242424242424154,0.0,2.4242424242424154
2026-02-02,1965,11,17.0,3.0303030303030303,0.5917159763313694,2.6262626262626205
2026-02-02,1965,12,17.1,3.012048192771084,0.5882352941176554,2.8221978824388434
2026-02-02,1966,1,17.1,3.012048192771084,0.0,3.0181331386150667
2026-02-02,1966,2,17.2,3.614457831325288,0.5847953216374144,3.2128514056224855
2026-02-02,1966,3,17.3,4.216867469879514,0.5813953488372177,3.614457831325295
2026-02-02,1966,4,17.4,4.191616766467062,0.5780346820809125,4.007647355890621
2026-02-02,1966,5,17.4,4.191616766467062,0.0,4.200033667604546
2026-02-02,1966,6,17.5,3.550295857988174,0.5747126436781691,3.977843130307433
2026-02-02,1966,7,17.5,3.550295857988174,0.0,3.7640694941478032
2026-02-02,1966,8,17.6,4.142011834319543,0.5714285714285796,3.7475345167652976
2026-02-02,1966,9,17.6,4.142011834319543,0.0,3.9447731755424207
2026-02-02,1966,10,17.6,4.142011834319543,0.0,4.142011834319543
2026-02-02,1966,11,17.6,3.5294117647058907,0.0,3.9378118111149925
2026-02-02,1966,12,17.7,3.5087719298245488,0.568181818181806,3.7267318429499947
2026-02-02,1967,1,17.7,3.5087719298245488,0.0,3.5156518747849965
2026-02-02,1967,2,17.7,2.9069767441860463,0.0,3.308173534611715
2026-02-02,1967,3,17.8,2.8901734104046244,0.5649717514124375,3.101974028138407
2026-02-02,1967,4,17.9,2.873563218390805,0.5617977528089768,2.8902377909938255
2026-02-02,1967,5,18.0,3.4482758620689737,0.5586592178771029,3.0706708302881345
2026-02-02,1967,6,18.1,3.4285714285714364,0.5555555555555635,3.2501368363437386
2026-02-02,1967,7,18.2,3.999999999999996,0.552486187845292,3.6256157635468025
2026-02-02,1967,8,18.3,3.977272727272723,0.5494505494505573,3.8019480519480524
2026-02-02,1967,9,18.3,3.977272727272723,0.0,3.984848484848481
2026-02-02,1967,10,18.3,3.977272727272723,0.0,3.977272727272723
2026-02-02,1967,11,18.3,3.977272727272723,0.0,3.977272727272723
2026-02-02,1967,12,18.4,3.9548022598870016,0.5464480874316823,3.9697825714774826
2026-02-02,1968,1,18.5,4.51977401129944,0.543478260869573,4.150616332819721
2026-02-02,1968,2,18.5,4.51977401129944,0.0,4.33145009416196
2026-02-02,1968,3,18.6,4.494382022471914,0.5405405405405482,4.511310015023597
2026-02-02,1968,4,18.6,3.910614525139681,0.0,4.308256852970345
2026-02-02,1968,5,18.6,3.333333333333341,0.0,3.912776626981645
2026-02-02,1968,6,18.7,3.314917127071811,0.5376344086021391,3.519621661848278
2026-02-02,1968,7,18.9,3.8461538461538423,1.0695187165775364,3.498134768852998
2026-02-02,1968,8,19.0,3.8251366120218537,0.5291005291005366,3.6620691950825024
2026-02-02,1968,9,19.0,3.8251366120218537,0.0,3.8321423567325166
2026-02-02,1968,10,19.0,3.8251366120218537,0.0,3.8251366120218537
2026-02-02,1968,11,19.2,4.918032786885238,1.0526315789473648,4.189435336976315
2026-02-02,1968,12,19.2,4.347826086956526,0.0,4.36366516195454
2026-02-02,1969,1,19.2,3.7837837837837798,0.0,4.349880885875181
2026-02-02,1969,2,19.2,3.7837837837837798,0.0,3.9717978848413615
2026-02-02,1969,3,19.3,3.7634408602150495,0.5208333333333408,3.77700280926087
2026-02-02,1969,4,19.6,5.376344086021505,1.5544041450777237,4.307856243340112
2026-02-02,1969,5,19.6,5.376344086021505,0.0,4.838709677419353
2026-02-02,1969,6,19.7,5.347593582887701,0.5102040816326422,5.3667605849769044
2026-02-02,1969,7,19.8,4.761904761904773,0.5076142131979768,5.161947476937994
2026-02-02,1969,8,19.9,4.73684210526315,0.5050505050504942,4.948780150018542
2026-02-02,1969,9,19.9,4.73684210526315,0.0,4.745196324143691
2026-02-02,1969,10,19.9,4.73684210526315,0.0,4.73684210526315
2026-02-02,1969,11,19.9,3.64583333333333,0.0,4.373172514619877
2026-02-02,1969,12,20.1,4.687500000000011,1.005025125628155,4.356725146198831
2026-02-02,1970,1,20.2,5.208333333333334,0.49751243781093457,4.513888888888892
2026-02-02,1970,2,20.2,5.208333333333334,0.0,5.034722222222226
2026-02-02,1970,3,20.2,4.663212435233153,0.0,5.02662636729994
2026-02-02,1970,4,20.3,3.5714285714285676,0.4950495049505021,4.480991446665018
2026-02-02,1970,5,20.3,3.5714285714285676,0.0,3.935356526030096
2026-02-02,1970,6,20.3,3.0456852791878246,0.0,3.3961808073483204
2026-02-02,1970,7,20.5,3.535353535353532,0.9852216748768439,3.384155795323308
2026-02-02,1970,8,20.5,3.01507537688443,0.0,3.1987047304752623
2026-02-02,1970,9,20.4,2.512562814070352,-0.4878048780487874,3.020997242102771
2026-02-02,1970,10,20.4,2.512562814070352,0.0,2.6800670016750447
2026-02-02,1970,11,20.4,2.512562814070352,0.0,2.512562814070352
2026-02-02,1970,12,20.3,0.9950248756218869,-0.49019607843136215,2.0067168345875306
2026-02-02,1971,1,20.4,0.9900990099009866,0.49261083743841316,1.4992288998644085
2026-02-02,1971,2,20.5,1.4851485148514887,0.4901960784313796,1.156757466791454
2026-02-02,1971,3,20.5,1.4851485148514887,0.0,1.3201320132013212
2026-02-02,1971,4,20.7,1.9704433497536877,0.9756097560975575,1.6469134598188884
2026-02-02,1971,5,20.7,1.9704433497536877,0.0,1.8086784047862878
2026-02-02,1971,6,20.8,2.463054187192118,0.48309178743962045,2.1346469622331643
2026-02-02,1971,7,21.0,2.4390243902439024,0.9615384615384581,2.2908406423965695
2026-02-02,1971,8,21.2,3.4146341463414602,0.952380952380949,2.7722375745924936
2026-02-02,1971,9,21.1,3.431372549019622,-0.4716981132075371,3.095010361868328
2026-02-02,1971,10,21.2,3.921568627450984,0.47393364928908943,3.5891917742706885
2026-02-02,1971,11,21.2,3.921568627450984,0.0,3.7581699346405295
2026-02-02,1971,12,21.3,4.926108374384236,0.4716981132075539,4.256415209762068
2026-02-02,1972,1,21.4,4.901960784313726,0.4694835680751073,4.583212595382982
2026-02-02,1972,2,21.5,4.878048780487805,0.4672897196261749,4.902039313061922
2026-02-02,1972,3,21.6,5.365853658536592,0.46511627906977404,5.04862107444604
2026-02-02,1972,4,21.7,4.830917874396135,0.46296296296295303,5.024940104473511
2026-02-02,1972,5,21.7,4.830917874396135,0.0,5.009229802442953
2026-02-02,1972,6,21.7,4.3269230769230695,0.0,4.66291960857178
2026-02-02,1972,7,22.0,4.761904761904762,1.3824884792626762,4.639915237741323
2026-02-02,1972,8,22.2,4.716981132075472,0.909090909090906,4.601936323634434
2026-02-02,1972,9,22.3,5.687203791469191,0.45045045045045684,5.055363228483142
2026-02-02,1972,10,22.3,5.188679245283026,0.0,5.197621389609229
2026-02-02,1972,11,22.3,5.188679245283026,0.0,5.354854094011748
2026-02-02,1972,12,22.4,5.164319248826281,0.44843049327353307,5.180559246464111
2026-02-02,1973,1,22.6,5.607476635514033,0.8928571428571557,5.320158376541113
2026-02-02,1973,2,22.8,6.04651162790698,0.8849557522123862,5.606102504082432
2026-02-02,1973,3,22.8,5.555555555555552,0.0,5.736514606325522
2026-02-02,1973,4,23.1,6.451612903225816,1.3157894736842135,6.01789336222945
2026-02-02,1973,5,23.2,6.912442396313365,0.4329004329004236,6.306536951698244
2026-02-02,1973,6,23.4,7.834101382488476,0.8620689655172384,7.066052227342552
2026-02-02,1973,7,23.7,7.727272727272724,1.282051282051285,7.491272168691521
2026-02-02,1973,8,24.0,8.10810810810811,1.2658227848101298,7.889827405956436
2026-02-02,1973,9,24.1,8.071748878923769,0.41666666666667257,7.969043238101534
2026-02-02,1973,10,24.2,8.520179372197303,0.41493775933609073,8.233345453076394
2026-02-02,1973,11,24.4,9.417040358744384,0.8264462809917326,8.669656203288485
2026-02-02,1973,12,24.5,9.375000000000007,0.40983606557377633,9.10407324364723
2026-02-02,1974,1,24.7,9.292035398230079,0.816326530612242,9.361358585658156
2026-02-02,1974,2,24.9,9.210526315789464,0.8097165991902806,9.29252057133985
2026-02-02,1974,3,25.2,10.526315789473678,1.2048192771084365,9.676292501164406
2026-02-02,1974,4,25.4,9.956709956709945,0.7936507936507908,9.897850687324363
2026-02-02,1974,5,25.9,11.637931034482756,1.968503937007874,10.706985593555459
2026-02-02,1974,6,26.1,11.53846153846155,0.7722007722007832,11.04436750988475
2026-02-02,1974,7,26.3,10.970464135021103,0.7662835249042118,11.382285569321803
2026-02-02,1974,8,26.6,10.83333333333334,1.1406844106463905,11.11408633560533
2026-02-02,1974,9,26.8,11.203319502074685,0.7518796992481176,11.002372323476374
2026-02-02,1974,10,27.1,11.983471074380175,1.1194029850746294,11.340041303262732
2026-02-02,1974,11,27.3,11.885245901639353,0.7380073800737981,11.690678826031403
2026-02-02,1974,12,27.6,12.6530612244898,1.0989010989011014,12.173926066836444
2026-02-02,1975,1,27.6,11.74089068825912,0.0,12.093065938129422
2026-02-02,1975,2,27.9,12.048192771084338,1.08695652173912,12.147381561277754
2026-02-02,1975,3,28.0,11.111111111111114,0.35842293906810546,11.633398190151524
2026-02-02,1975,4,28.2,11.023622047244098,0.7142857142857117,11.394308643146516
2026-02-02,1975,5,28.5,10.038610038610045,1.0638297872340452,10.724447732321751
2026-02-02,1975,6,28.8,10.344827586206893,1.052631578947371,10.469019890687013
2026-02-02,1975,7,29.2,11.026615969581744,1.388888888888884,10.47001786479956
2026-02-02,1975,8,29.5,10.902255639097739,1.0273972602739752,10.757899731628791
2026-02-02,1975,9,29.6,10.447761194029853,0.33898305084746244,10.792210934236445
2026-02-02,1975,10,29.8,9.963099630996307,0.6756756756756733,10.437705488041301
2026-02-02,1975,11,30.1,10.256410256410259,1.0067114093959755,10.222423693812141
2026-02-02,1975,12,30.2,9.420289855072456,0.33222591362125536,9.879933247493007
2026-02-02,1976,1,30.3,9.78260869565217,0.3311258278145743,9.819769602378296
2026-02-02,1976,2,30.5,9.318996415770615,0.6600660066006577,9.507298322165079
2026-02-02,1976,3,30.6,9.28571428571429,0.32786885245902103,9.462439799045692
2026-02-02,1976,4,30.7,8.865248226950355,0.32679738562090804,9.156652976145088
2026-02-02,1976,5,30.9,8.421052631578943,0.6514657980456003,8.85733838141453
2026-02-02,1976,6,31.1,7.986111111111113,0.6472491909385205,8.42413732321347
2026-02-02,1976,7,31.3,7.191780821917813,0.6430868167202549,7.866314854869291
2026-02-02,1976,8,31.3,6.10169491525424,0.0,7.0931956160943885
2026-02-02,1976,9,31.5,6.418918918918914,0.6389776357827454,6.570798218696988
2026-02-02,1976,10,31.7,6.375838926174492,0.6349206349206327,6.2988175867825476
2026-02-02,1976,11,31.8,5.647840531561459,0.31545741324921583,6.147532792218288
2026-02-02,1976,12,31.9,5.629139072847679,0.3144654088050247,5.884272843527877
2026-02-02,1977,1,32.2,6.270627062706277,0.9404388714733677,5.849202222371805
2026-02-02,1977,2,32.4,6.229508196721307,0.621118012422347,6.043091444091754
2026-02-02,1977,3,32.8,7.189542483660116,1.2345679012345634,6.563225914362566
2026-02-02,1977,4,33.0,7.4918566775244315,0.6097560975609843,6.970302452635285
2026-02-02,1977,5,33.4,8.090614886731393,1.2121212121212077,7.590671349305313
2026-02-02,1977,6,33.5,7.717041800643082,0.29940119760479467,7.766504454966302
2026-02-02,1977,7,33.9,8.306709265175712,1.1940298507462643,8.038121984183396
2026-02-02,1977,8,33.9,8.306709265175712,0.0,8.110153443664835
2026-02-02,1977,9,34.2,8.57142857142858,0.8849557522124021,8.394949033926668
2026-02-02,1977,10,34.5,8.83280757097792,0.877192982456132,8.570315135860737
2026-02-02,1977,11,34.7,9.119496855345918,0.5797101449275445,8.84124433258414
2026-02-02,1977,12,34.9,9.404388714733543,0.5763688760806793,9.118897713685794
2026-02-02,1978,1,35.1,9.006211180124218,0.5730659025788047,9.17669891673456
2026-02-02,1978,2,35.4,9.25925925925926,0.8547008547008467,9.223286384705673
2026-02-02,1978,3,35.7,8.841463414634164,0.8474576271186562,9.03564461800588
2026-02-02,1978,4,35.8,8.484848484848476,0.2801120448179112,8.861857052913967
2026-02-02,1978,5,36.3,8.682634730538918,1.3966480446927376,8.669648876673852
2026-02-02,1978,6,36.6,9.253731343283587,0.8264462809917473,8.807071519556994
2026-02-02,1978,7,37.1,9.439528023598829,1.366120218579235,9.125298032473777
2026-02-02,1978,8,37.2,9.734513274336296,0.26954177897574505,9.47592421373957
2026-02-02,1978,9,37.1,8.479532163742686,-0.2688172043010791,9.217857820559269
2026-02-02,1978,10,37.6,8.985507246376816,1.3477088948787062,9.066517561485265
2026-02-02,1978,11,37.8,8.933717579250704,0.5319148936170099,8.799585663123402
2026-02-02,1978,12,37.9,8.595988538681949,0.2645502645502683,8.838404454769822
2026-02-02,1979,1,38.1,8.547008547008547,0.5277044854881342,8.692238221647067
2026-02-02,1979,2,38.6,9.03954802259888,1.3123359580052494,8.727515036096458
2026-02-02,1979,3,39.0,9.243697478991587,1.0362694300518096,8.94341801619967
2026-02-02,1979,4,39.3,9.776536312849164,0.769230769230762,9.35326060481321
2026-02-02,1979,5,39.7,9.36639118457302,1.01781170483462,9.462208325471257
2026-02-02,1979,6,39.9,9.016393442622944,0.5037783375314754,9.386440313348375
2026-02-02,1979,7,40.2,8.355795148247983,0.751879699248131,8.912859925147982
2026-02-02,1979,8,40.3,8.333333333333318,0.2487562189054585,8.568507308068083
2026-02-02,1979,9,40.7,9.703504043126689,0.9925558312655229,8.797544174902663
2026-02-02,1979,10,41.0,9.042553191489358,0.7371007371007301,9.026463522649786
2026-02-02,1979,11,41.4,9.523809523809529,0.9756097560975575,9.423288919475192
2026-02-02,1979,12,41.6,9.76253298153035,0.48309178743962045,9.442965232276412
2026-02-02,1980,1,41.8,9.711286089238834,0.48076923076922046,9.665876198192905
2026-02-02,1980,2,42.3,9.585492227979262,1.1961722488038278,9.686437099582816
2026-02-02,1980,3,42.6,9.230769230769234,0.7092198581560385,9.509182515995777
2026-02-02,1980,4,42.9,9.160305343511455,0.7042253521126693,9.325522267419984
2026-02-02,1980,5,43.4,9.319899244332483,1.1655011655011656,9.236991272871057
2026-02-02,1980,6,43.9,10.025062656641605,1.1520737327188941,9.501755748161846
2026-02-02,1980,7,44.2,9.950248756218905,0.6833712984054767,9.76507021906433
2026-02-02,1980,8,44.7,10.91811414392061,1.1312217194570136,10.29780851892704
2026-02-02,1980,9,45.0,10.565110565110556,0.671140939597309,10.47782448841669
2026-02-02,1980,10,45.4,10.731707317073168,0.8888888888888857,10.738310675368112
2026-02-02,1980,11,46.0,11.111111111111114,1.3215859030837036,10.802642997764947
2026-02-02,1980,12,46.2,11.05769230769231,0.4347826086956583,10.966836911958865
2026-02-02,1981,1,46.9,12.200956937799047,1.5151515151515058,11.456586785534157
2026-02-02,1981,2,47.4,12.056737588652485,1.0660980810234542,11.77179561138128
2026-02-02,1981,3,48.0,12.676056338028166,1.2658227848101298,12.311250288159899
2026-02-02,1981,4,48.3,12.587412587412587,0.624999999999994,12.44006883803108
2026-02-02,1981,5,48.7,12.211981566820286,0.8281573498964921,12.49181683075368
2026-02-02,1981,6,49.5,12.756264236902053,1.642710472279255,12.518552797044975
2026-02-02,1981,7,49.9,12.895927601809944,0.8080808080808052,12.621391135177428
2026-02-02,1981,8,50.3,12.527964205816541,0.8016032064128228,12.726718681509512
2026-02-02,1981,9,50.7,12.666666666666673,0.7952286282306277,12.696852824764386
2026-02-02,1981,10,51.2,12.77533039647578,0.9861932938856016,12.656653756319665
2026-02-02,1981,11,51.6,12.173913043478263,0.7812499999999972,12.538636702206906
2026-02-02,1981,12,51.8,12.121212121212107,0.3875968992247979,12.356818520388716
2026-02-02,1982,1,52.2,11.300639658848624,0.7722007722007832,11.865254941179664
2026-02-02,1982,2,52.8,11.392405063291136,1.1494252873563109,11.604752281117287
2026-02-02,1982,3,53.5,11.458333333333332,1.3257575757575812,11.3837926851577
2026-02-02,1982,4,53.8,11.387163561076605,0.5607476635513965,11.412633985900358
2026-02-02,1982,5,54.5,11.909650924024634,1.301115241635693,11.585049272811524
2026-02-02,1982,6,55.1,11.313131313131317,1.1009174311926633,11.536648599410851
2026-02-02,1982,7,55.4,11.022044088176353,0.5444646098003578,11.4149421084441
2026-02-02,1982,8,55.6,10.536779324055676,0.3610108303249149,10.957318241787782
2026-02-02,1982,9,55.9,10.256410256410248,0.5395683453237359,10.605077889547426
2026-02-02,1982,10,56.3,9.96093749999999,0.7155635062611782,10.251375693488638
2026-02-02,1982,11,56.6,9.689922480620154,0.5328596802841994,9.969090079010131
2026-02-02,1982,12,56.6,9.266409266409276,0.0,9.639089749009807
2026-02-02,1983,1,56.5,8.2375478927203,-0.17667844522968448,9.064626546583243
2026-02-02,1983,2,56.8,7.575757575757576,0.5309734513274286,8.359904911629052
2026-02-02,1983,3,57.4,7.289719626168221,1.0563380281690167,7.701008364882033
2026-02-02,1983,4,57.4,6.691449814126398,0.0,7.185642338684065
2026-02-02,1983,5,57.5,5.5045871559633035,0.17421602787456694,6.495252198752641
2026-02-02,1983,6,58.1,5.44464609800363,1.0434782608695676,5.880227689364443
2026-02-02,1983,7,58.4,5.415162454873646,0.5163511187607525,5.454798569613526
2026-02-02,1983,8,58.7,5.5755395683453255,0.5136986301369937,5.478449373740868
2026-02-02,1983,9,58.7,5.008944543828273,0.0,5.333215522349081
2026-02-02,1983,10,59.1,4.9733570159857985,0.6814310051107301,5.185947042719799
2026-02-02,1983,11,59.1,4.41696113074205,0.0,4.799754230185374
2026-02-02,1983,12,59.2,4.593639575971734,0.16920473773265893,4.661319240899861
2026-02-02,1984,1,59.6,5.4867256637168165,0.6756756756756733,4.832442123476866
2026-02-02,1984,2,59.9,5.457746478873242,0.5033557046979817,5.179370572853931
2026-02-02,1984,3,60.0,4.529616724738679,0.16694490818030286,5.158029622442911
2026-02-02,1984,4,60.2,4.878048780487813,0.3333333333333381,4.955137328033245
2026-02-02,1984,5,60.2,4.695652173913048,0.0,4.701105893046513
2026-02-02,1984,6,60.6,4.3029259896729775,0.6644518272425225,4.6255423146912795
2026-02-02,1984,7,60.8,4.109589041095888,0.33003300330032304,4.369389068227304
2026-02-02,1984,8,60.8,3.577512776831336,0.0,3.9966759358667345
2026-02-02,1984,9,60.9,3.7478705281090217,0.16447368421052866,3.811657448678749
2026-02-02,1984,10,61.1,3.3840947546531304,0.32840722495895375,3.569826019864496
2026-02-02,1984,11,61.4,3.891708967851095,0.4909983633387842,3.674558083537749
2026-02-02,1984,12,61.4,3.7162162162162087,0.0,3.6640066462401446
2026-02-02,1985,1,61.7,3.5234899328859086,0.48859934853420894,3.7104717056510705
2026-02-02,1985,2,62.1,3.672787979966616,0.6482982171799003,3.637498043022911
2026-02-02,1985,3,62.2,3.6666666666666714,0.16103059581320678,3.6209815265063985
2026-02-02,1985,4,62.5,3.8205980066445133,0.4823151125401884,3.720017551092601
2026-02-02,1985,5,62.7,4.152823920265781,0.32000000000000456,3.880029531192322
2026-02-02,1985,6,63.0,3.9603960396039577,0.47846889952152655,3.977939322171417
2026-02-02,1985,7,63.3,4.111842105263158,0.4761904761904716,4.0750206883776325
2026-02-02,1985,8,63.3,4.111842105263158,0.0,4.0613600833767585
2026-02-02,1985,9,63.4,4.105090311986864,0.15797788309636876,4.109591507504394
2026-02-02,1985,10,63.6,4.091653027823241,0.31545741324921583,4.102861815024421
2026-02-02,1985,11,63.8,3.9087947882736134,0.3144654088050247,4.035179376027906
2026-02-02,1985,12,64.1,4.397394136807811,0.47021943573667274,4.132613984301555
2026-02-02,1986,1,64.4,4.376012965964348,0.46801872074884776,4.2274006303485905
2026-02-02,1986,2,64.7,4.186795491143319,0.4658385093167658,4.320067531305159
2026-02-02,1986,3,64.9,4.3408360128617405,0.30911901081916976,4.301214823323136
2026-02-02,1986,4,64.9,3.840000000000009,0.0,4.122543834668356
2026-02-02,1986,5,65.3,4.146730462519927,0.6163328197226371,4.109188825127226
2026-02-02,1986,6,65.4,3.809523809523819,0.15313935681471444,3.9320847573479187
2026-02-02,1986,7,65.9,4.107424960505543,0.7645259938837919,4.0212264108497635
2026-02-02,1986,8,66.0,4.2654028436019,0.1517450682852721,4.060783871210421
2026-02-02,1986,9,66.0,4.10094637223975,0.0,4.157924725449064
2026-02-02,1986,10,66.4,4.402515723270447,0.6060606060606146,4.256288313037365
2026-02-02,1986,11,66.7,4.545454545454555,0.4518072289156583,4.349638880321584
2026-02-02,1986,12,66.8,4.212168486739475,0.14992503748125086,4.386712918488159
2026-02-02,1987,1,67.0,4.037267080745332,0.29940119760479467,4.264963370979786
2026-02-02,1987,2,67.3,4.018547140649141,0.44776119402984654,4.089327569377983
2026-02-02,1987,3,67.5,4.006163328197218,0.297176820208028,4.020659183197231
2026-02-02,1987,4,67.9,4.622496147919876,0.592592592592601,4.215735538922078
2026-02-02,1987,5,68.3,4.594180704441041,0.5891016200294424,4.407613393519378
2026-02-02,1987,6,68.5,4.740061162079502,0.2928257686676469,4.652246004813473
2026-02-02,1987,7,68.9,4.552352048558421,0.5839416058394243,4.628864638359655
2026-02-02,1987,8,69.0,4.545454545454546,0.14513788098692934,4.612622585364156
2026-02-02,1987,9,69.0,4.545454545454546,0.0,4.547753713155838
2026-02-02,1987,10,69.2,4.216867469879514,0.28985507246377223,4.4359255202628685
2026-02-02,1987,11,69.5,4.1979010494752576,0.43352601156068954,4.320074354936439
2026-02-02,1987,12,69.6,4.191616766467062,0.14388489208632277,4.202128428607278
2026-02-02,1988,1,69.7,4.029850746268661,0.1436781609195525,4.1397895207369935
2026-02-02,1988,2,70.0,4.011887072808325,0.4304160688665669,4.077784861848016
2026-02-02,1988,3,70.4,4.296296296296305,0.5714285714285796,4.112678038457763
2026-02-02,1988,4,70.6,3.976435935198805,0.2840909090908929,4.094873101434478
2026-02-02,1988,5,71.0,3.9531478770131816,0.5665722379603481,4.075293369502764
2026-02-02,1988,6,71.2,3.9416058394160625,0.28169014084507443,3.9570632172093494
2026-02-02,1988,7,71.6,3.9187227866472982,0.5617977528089768,3.937825501025514
2026-02-02,1988,8,71.7,3.913043478260873,0.13966480446928564,3.924457368108078
2026-02-02,1988,9,71.8,4.057971014492749,0.13947001394699346,3.963245759800307
2026-02-02,1988,10,72.2,4.335260115606936,0.5571030640668604,4.102091536120187
2026-02-02,1988,11,72.3,4.0287769784172625,0.13850415512464587,4.140669369505649
2026-02-02,1988,12,72.3,3.8793103448275903,0.0,4.081115812950596
2026-02-02,1989,1,72.7,4.30416068866571,0.553250345781474,4.070749337303521
2026-02-02,1989,2,73.2,4.571428571428576,0.6877579092159559,4.251633201640625
2026-02-02,1989,3,73.6,4.545454545454529,0.5464480874316823,4.4736812685162715
2026-02-02,1989,4,73.8,4.532577903682724,0.2717391304347865,4.54982034018861
2026-02-02,1989,5,74.6,5.070422535211259,1.0840108401083972,4.716151661449504
2026-02-02,1989,6,74.9,5.19662921348315,0.4021447721179777,4.933209884125711
2026-02-02,1989,7,75.4,5.307262569832419,0.6675567423230974,5.191438106175609
2026-02-02,1989,8,75.5,5.299860529986049,0.13262599469495265,5.267917437767206
2026-02-02,1989,9,75.6,5.292479108635094,0.1324503311258203,5.2998674028178545
2026-02-02,1989,10,75.9,5.124653739612192,0.3968253968254119,5.2389977927444455
2026-02-02,1989,11,76.1,5.2558782849239245,0.2635046113306833,5.224337044390404
2026-02-02,1989,12,76.1,5.2558782849239245,0.0,5.212136769820014
2026-02-02,1990,1,76.7,5.502063273727647,0.7884362680683423,5.337939947858499
2026-02-02,1990,2,77.2,5.46448087431694,0.6518904823989569,5.407474144322838
2026-02-02,1990,3,77.5,5.298913043478269,0.3886010362694264,5.421819063840952
2026-02-02,1990,4,77.5,5.013550135501359,0.0,5.258981351098856
2026-02-02,1990,5,77.9,4.423592493297603,0.5161290322580719,4.912018557425744
2026-02-02,1990,6,78.2,4.405874499332439,0.38510911424903355,4.6143390427104665
2026-02-02,1990,7,78.5,4.111405835543758,0.3836317135549836,4.313624276057934
2026-02-02,1990,8,78.6,4.105960264900655,0.1273885350318399,4.207746866592284
2026-02-02,1990,9,78.8,4.232804232804237,0.254452926208655,4.15005677774955
2026-02-02,1990,10,79.5,4.743083003952561,0.8883248730964504,4.360615833885817
2026-02-02,1990,11,80.0,5.12483574244416,0.628930817610063,4.700240993066987
2026-02-02,1990,12,79.9,4.993429697766113,-0.1249999999999929,4.953782814720945
2026-02-02,1991,1,82.0,6.910039113428939,2.6282853566958626,5.676101517879737
2026-02-02,1991,2,82.0,6.217616580310877,0.0,6.040361797168643
2026-02-02,1991,3,82.3,6.1935483870967705,0.3658536585365819,6.440401360278862
2026-02-02,1991,4,82.3,6.1935483870967705,0.0,6.20157111816814
2026-02-02,1991,5,82.7,6.161745827984592,0.4860267314702378,6.182947534059378
2026-02-02,1991,6,83.1,6.265984654731446,0.4836759371221178,6.207092956604271
2026-02-02,1991,7,83.2,5.987261146496818,0.12033694344164685,6.1383305430709525
2026-02-02,1991,8,83.3,5.979643765903312,0.12019230769230085,6.077629855710526
2026-02-02,1991,9,83.1,5.45685279187817,-0.24009603841536956,5.807919234759434
2026-02-02,1991,10,83.0,4.40251572327044,-0.12033694344162976,5.279670760350641
2026-02-02,1991,11,83.3,4.1249999999999964,0.36144578313252673,4.661456171716202
2026-02-02,1991,12,82.9,3.754693366708385,-0.4801920768307221,4.094069696659607
2026-02-02,1992,1,83.3,1.585365853658533,0.4825090470446217,3.1550197401223055
2026-02-02,1992,2,83.3,1.585365853658533,0.0,2.308475024675151
2026-02-02,1992,3,83.6,1.5795868772782469,0.36014405762304585,1.5834395281984381
2026-02-02,1992,4,83.7,1.7010935601458148,0.11961722488039299,1.6220154303608652
2026-02-02,1992,5,83.8,1.3301088270858457,0.11947431302269332,1.5369297548366359
2026-02-02,1992,6,84.0,1.0830324909747362,0.2386634844868769,1.3714116260687994
2026-02-02,1992,7,84.2,1.2019230769230769,0.2380952380952415,1.2050214649945532
2026-02-02,1992,8,84.2,1.0804321728691546,0.0,1.1217959135889897
2026-02-02,1992,9,84.2,1.3237063778580127,0.0,1.2020205425500816
2026-02-02,1992,10,84.3,1.5662650602409605,0.11876484560569395,1.3234678703227096
2026-02-02,1992,11,84.7,1.68067226890757,0.4744958481613354,1.5235479023355147
2026-02-02,1992,12,84.7,2.1712907117008404,0.0,1.8060760136164573
2026-02-02,1993,1,85.0,2.040816326530616,0.354191263282169,1.9642597690463426
2026-02-02,1993,2,85.3,2.4009603841536618,0.3529411764705849,2.2043558074617065
2026-02-02,1993,3,85.2,1.9138755980861348,-0.11723329425556192,2.1185507695901378
2026-02-02,1993,4,85.2,1.7921146953405016,0.0,2.0356502258601
2026-02-02,1993,5,85.4,1.9093078758949982,0.23474178403756202,1.871766056440545
2026-02-02,1993,6,85.4,1.6666666666666736,0.0,1.7893630793007247
2026-02-02,1993,7,85.6,1.6627078384798,0.23419203747071268,1.7462274603471577
2026-02-02,1993,8,85.7,1.7814726840855106,0.11682242990655202,1.703615729743995
2026-02-02,1993,9,85.7,1.7814726840855106,0.0,1.7418844022169406
2026-02-02,1993,10,85.9,1.8979833926453245,0.23337222870478744,1.8203095869387822
2026-02-02,1993,11,86.3,1.8890200708382459,0.46565774155994344,1.8561587158563606
2026-02-02,1993,12,86.1,1.6528925619834611,-0.2317497103128654,1.8132986751556774
2026-02-02,1994,1,86.1,1.2941176470588167,0.0,1.6120100932935084
2026-02-02,1994,2,85.4,0.11723329425557859,-0.8130081300812877,1.0214145010992859
2026-02-02,1994,3,85.4,0.23474178403756202,0.0,0.5486975751173194
2026-02-02,1994,4,85.4,0.23474178403756202,0.0,0.19557228744356783
2026-02-02,1994,5,85.2,-0.23419203747072928,-0.23419203747072928,0.07843051020146521
2026-02-02,1994,6,85.4,0.0,0.23474178403756202,0.0001832488556112085
2026-02-02,1994,7,85.7,0.11682242990655202,0.35128805620608566,-0.03912320252139213
2026-02-02,1994,8,85.8,0.11668611435238542,0.11668611435238542,0.07783618141964611
2026-02-02,1994,9,85.9,0.23337222870478744,0.11655011655012648,0.15562692432124192
2026-02-02,1994,10,85.7,-0.23282887077998002,-0.23282887077998002,0.03907649075906458
2026-02-02,1994,11,86.2,-0.11587485515642446,0.5834305717619603,-0.03844383241053872
2026-02-02,1994,12,86.3,0.23228803716608926,0.1160092807424528,-0.038805229590104774
2026-02-02,1995,1,86.6,0.5807200929152149,0.3476245654692899,0.23237775830829352
2026-02-02,1995,2,87.0,1.873536299765801,0.4618937644341867,0.8955148099490353
2026-02-02,1995,3,87.2,2.1077283372365305,0.2298850574712676,1.5206615766391824
2026-02-02,1995,4,87.5,2.459016393442616,0.34403669724770314,2.1467603434816493
2026-02-02,1995,5,87.7,2.9342723004694835,0.22857142857143184,2.500339010382877
2026-02-02,1995,6,87.7,2.6932084309133453,0.0,2.695499041608482
2026-02-02,1995,7,87.9,2.5670945157526286,0.2280501710376315,2.731525082378486
2026-02-02,1995,8,87.7,2.214452214452221,-0.22753128555176658,2.491585053706065
2026-02-02,1995,9,87.8,2.211874272409769,0.11402508551880766,2.331140334204873
2026-02-02,1995,10,87.7,2.3337222870478413,-0.11389521640090469,2.253349591303277
2026-02-02,1995,11,88.0,2.088167053364266,0.34207525655643917,2.2112545376072923
2026-02-02,1995,12,87.8,1.738122827346466,-0.2272727272727305,2.053337389252858
2026-02-02,1996,1,88.0,1.6166281755196372,0.22779043280182557,1.8143060187434568
2026-02-02,1996,2,88.1,1.2643678160919474,0.11363636363635717,1.5397062729860174
2026-02-02,1996,3,88.5,1.4908256880733912,0.45402951191828117,1.4572738932283258
2026-02-02,1996,4,88.7,1.3714285714285745,0.22598870056497497,1.3755406918646382
2026-02-02,1996,5,89.0,1.4823261117445805,0.33821871476888066,1.4481934570821824
2026-02-02,1996,6,89.0,1.4823261117445805,0.0,1.4453602649725787
2026-02-02,1996,7,89.0,1.251422070534692,0.0,1.4053580980079514
2026-02-02,1996,8,89.0,1.4823261117445805,0.0,1.4053580980079514
2026-02-02,1996,9,89.1,1.4806378132118418,0.11235955056179137,1.4047953318303719
2026-02-02,1996,10,89.3,1.8244013683010196,0.224466891133561,1.5957884310858141
2026-02-02,1996,11,89.7,1.931818181818185,0.4479283314669717,1.7456191211103491
2026-02-02,1996,12,89.7,2.1640091116173186,0.0,1.9734095539121748
2026-02-02,1997,1,89.9,2.159090909090916,0.22296544035674787,2.0849727341754734
2026-02-02,1997,2,90.1,2.270147559591374,0.22246941045604962,2.197749193433203
2026-02-02,1997,3,90.2,1.920903954802263,0.11098779134296176,2.116714141161518
2026-02-02,1997,4,90.2,1.6910935738444193,0.0,1.9607150294126858
2026-02-02,1997,5,90.3,1.4606741573033675,0.11086474501108017,1.69089056198335
2026-02-02,1997,6,90.5,1.6853932584269662,0.22148394241417813,1.6123869965249178
2026-02-02,1997,7,90.5,1.6853932584269662,0.0,1.6104868913857668
2026-02-02,1997,8,90.6,1.7977528089887576,0.1104972375690545,1.7228464419475635
2026-02-02,1997,9,90.6,1.6835016835016834,0.0,1.7222159169724691
2026-02-02,1997,10,90.6,1.4557670772676339,0.0,1.6456738565860254
2026-02-02,1997,11,90.5,0.8918617614269757,-0.11037527593818358,1.3437101740654311
2026-02-02,1997,12,90.4,0.7803790412486096,-0.1104972375690545,1.0426692933144066
2026-02-02,1998,1,90.9,1.1123470522803114,0.5530973451327433,0.9281959516519658
2026-02-02,1998,2,91.0,0.9988901220865768,0.11001100110010376,0.9638720718718329
2026-02-02,1998,3,91.1,0.9977827050997689,0.10989010989010364,1.0363399598222192
2026-02-02,1998,4,91.0,0.8869179600886887,-0.10976948408341856,0.9611969290916784
2026-02-02,1998,5,91.3,1.1074197120708749,0.32967032967032656,0.9973734590864445
2026-02-02,1998,6,91.4,0.9944751381215533,0.10952902519168514,0.9962709367603727
2026-02-02,1998,7,91.4,0.9944751381215533,0.0,1.032123329437994
2026-02-02,1998,8,91.4,0.8830022075055314,0.0,0.9573174945828796
2026-02-02,1998,9,91.2,0.6622516556291486,-0.2188183807439856,0.8465763337520781
2026-02-02,1998,10,91.6,1.1037527593818985,0.43859649122806077,0.8830022075055265
2026-02-02,1998,11,91.6,1.2154696132596623,0.0,0.9938246760902368
2026-02-02,1998,12,91.3,0.9955752212389285,-0.32751091703056456,1.1049325312934968
2026-02-02,1999,1,91.5,0.6600660066006537,0.2190580503833547,0.9570369470330817
2026-02-02,1999,2,91.6,0.6593406593406531,0.10928961748633259,0.7716606290600788
2026-02-02,1999,3,92.0,0.9879253567508295,0.4366812227074298,0.7691106742307124
2026-02-02,1999,4,92.5,1.6483516483516485,0.5434782608695652,1.0985392214810439
2026-02-02,1999,5,92.7,1.5334063526834674,0.2162162162162193,1.3898944525953152
2026-02-02,1999,6,92.9,1.6411378555798686,0.21574973031284017,1.607631952204995
2026-02-02,1999,7,93.1,1.8599562363238387,0.21528525296016,1.6781668148623918
2026-02-02,1999,8,93.3,2.078774617067824,0.21482277121375173,1.8599562363238438
2026-02-02,1999,9,93.6,2.6315789473684115,0.32154340836012557,2.190103266920025
2026-02-02,1999,10,93.7,2.2925764192139835,0.10683760683761595,2.334309994550073
2026-02-02,1999,11,93.6,2.183406113537118,-0.10672358591249576,2.369187160039838
2026-02-02,1999,12,93.7,2.628696604600225,0.10683760683761595,2.368226379117109
2026-02-02,2000,1,93.5,2.185792349726776,-0.21344717182497633,2.33263168928804
2026-02-02,2000,2,94.1,2.7292576419213974,0.641711229946518,2.5145821987494665
2026-02-02,2000,3,94.8,3.0434782608695623,0.7438894792773676,2.652842750839245
2026-02-02,2000,4,94.5,2.1621621621621623,-0.31645569620252867,2.6449660216510407
2026-02-02,2000,5,94.9,2.3732470334412112,0.4232804232804293,2.526295818824312
2026-02-02,2000,6,95.5,2.7987082884822327,0.6322444678609003,2.4447058280285354
2026-02-02,2000,7,95.8,2.90010741138561,0.31413612565444726,2.6906875777696846
2026-02-02,2000,8,95.7,2.572347266881035,-0.1043841336116851,2.757054322249626
2026-02-02,2000,9,96.1,2.670940170940171,0.4179728317659263,2.7144649497356057
2026-02-02,2000,10,96.3,2.7748132337246467,0.20811654526535156,2.6727002238486173
2026-02-02,2000,11,96.6,3.2051282051282057,0.31152647975077585,2.883627203264341
2026-02-02,2000,12,96.7,3.2017075773745995,0.10351966873706887,3.0605496720758176
2026-02-02,2001,1,96.3,2.9946524064171096,-0.41365046535677935,3.133829396306639
2026-02-02,2001,2,96.8,2.8692879914984095,0.5192107995846313,3.0218826584300396
2026-02-02,2001,3,97.1,2.42616033755274,0.3099173553718979,2.7633669118227533
2026-02-02,2001,4,97.8,3.4920634920634894,0.7209062821833191,2.9291706070382126
2026-02-02,2001,5,98.6,3.898840885142243,0.817995910020447,3.272354904919491
2026-02-02,2001,6,98.7,3.350785340314139,0.10141987829615469,3.5805632391732907
2026-02-02,2001,7,98.4,2.7139874739039755,-0.3039513677811521,3.321204566453453
2026-02-02,2001,8,98.4,2.8213166144200654,0.0,2.9620298095460598
2026-02-02,2001,9,98.6,2.601456815816858,0.20325203252031365,2.7122536347136332
2026-02-02,2001,10,98.1,1.86915887850467,-0.5070993914807302,2.4306441029138646
2026-02-02,2001,11,97.2,0.6211180124223692,-0.9174311926605418,1.6972445689146325
2026-02-02,2001,12,97.4,0.7238883143743566,0.2057613168724309,1.071388401767132
2026-02-02,2002,1,97.6,1.3499480789200387,0.2053388090348959,0.8983181352389217
2026-02-02,2002,2,98.2,1.446280991735543,0.6147540983606645,1.1733724616766463
2026-02-02,2002,3,98.9,1.8537590113285392,0.7128309572301454,1.5499960273280404
2026-02-02,2002,4,99.5,1.738241308793459,0.6066734074822996,1.6794271039525137
2026-02-02,2002,5,99.7,1.115618661257615,0.20100502512563098,1.569206327126538
2026-02-02,2002,6,99.9,1.215805471124623,0.2006018054162516,1.3565551470585657
2026-02-02,2002,7,100.5,2.134146341463409,0.6006006006005948,1.4885234912818825
2026-02-02,2002,8,100.9,2.540650406504065,0.39800995024876185,1.963534073030699
2026-02-02,2002,9,100.9,2.332657200811371,0.0,2.3358179829262817
2026-02-02,2002,10,101.2,3.160040774719683,0.2973240832507405,2.6777827940117063
2026-02-02,2002,11,101.5,4.4238683127571985,0.29644268774703275,3.305522096096084
2026-02-02,2002,12,101.1,3.798767967145779,-0.39408866995074454,3.7942256848742204
2026-02-02,2003,1,102.0,4.5081967213114815,0.8902077151335369,4.24361100040482
2026-02-02,2003,2,102.8,4.684317718940931,0.7843137254901933,4.33042746913273
2026-02-02,2003,3,103.1,4.246713852376126,0.2918287937743163,4.4797427642095125
2026-02-02,2003,4,102.4,2.9145728643216136,-0.6789524733268562,3.9485348118795565
2026-02-02,2003,5,102.5,2.8084252758274793,0.09765624999999445,3.32323733084174
2026-02-02,2003,6,102.5,2.602602602602597,0.0,2.7752002475838964
2026-02-02,2003,7,102.6,2.0895522388059646,0.09756097560975056,2.5001933724120136
2026-02-02,2003,8,102.9,1.9821605550049552,0.29239766081872454,2.2247717988045057
2026-02-02,2003,9,103.1,2.1803766105054394,0.19436345966957105,2.0840298014387866
2026-02-02,2003,10,102.8,1.5810276679841841,-0.2909796314257974,1.9145216111648597
2026-02-02,2003,11,103.1,1.57635467980295,0.2918287937743163,1.7792529860975244
2026-02-02,2003,12,103.2,2.0771513353115814,0.09699321047527501,1.7448445610329053
2026-02-02,2004,1,103.3,1.2745098039215659,0.09689922480619605,1.6426719396786993
2026-02-02,2004,2,103.5,0.6809338521400806,0.19361084220716637,1.3441983304577425
2026-02-02,2004,3,103.9,0.775945683802145,0.3864734299516963,0.9104631132879306
2026-02-02,2004,4,104.1,1.660156249999989,0.192492781520682,1.0390119286474049
2026-02-02,2004,5,105.0,2.4390243902439024,0.8645533141210429,1.6250421080153454
2026-02-02,2004,6,105.1,2.5365853658536532,0.09523809523808983,2.211922002032515
2026-02-02,2004,7,105.0,2.3391812865497132,-0.09514747859181191,2.4382636808824234
2026-02-02,2004,8,104.8,1.8464528668610216,-0.19047619047619319,2.2407398397547964
2026-02-02,2004,9,105.0,1.8428709990300736,0.19083969465649128,2.0095017174802696
2026-02-02,2004,10,105.2,2.334630350194558,0.19047619047619319,2.007984738695218
2026-02-02,2004,11,105.6,2.4248302618816684,0.38022813688212115,2.2007772037021005
2026-02-02,2004,12,105.4,2.131782945736437,-0.18939393939392865,2.297081185937554
2026-02-02,2005,1,105.3,1.9361084220716358,-0.09487666034156406,2.164240543229914
2026-02-02,2005,2,105.7,2.1256038647343023,0.3798670465337186,2.064498410847458
2026-02-02,2005,3,106.3,2.3099133782483072,0.5676442762535424,2.1238752216847487
2026-02-02,2005,4,106.6,2.4015369836695486,0.2822201317027255,2.2790180755507197
2026-02-02,2005,5,106.7,1.6190476190476217,0.09380863039400425,2.1101659936551593
2026-02-02,2005,6,106.9,1.7126546146527226,0.18744142455482926,1.9110797391232979
2026-02-02,2005,7,107.1,1.9999999999999944,0.18709073900840845,1.777234077900113
2026-02-02,2005,8,107.5,2.5763358778625984,0.37348272642390823,2.0963301641717718
2026-02-02,2005,9,108.4,3.2380952380952435,0.8372093023255867,2.604810371985946
2026-02-02,2005,10,107.9,2.566539923954375,-0.46125461254612543,2.7936570133040726
2026-02-02,2005,11,107.7,1.988636363636372,-0.1853568118628386,2.5977571752286637
2026-02-02,2005,12,107.6,2.0872865275142205,-0.09285051067781665,2.214154271701656
2026-02-02,2006,1,108.2,2.754036087369426,0.5576208178438741,2.276652992840006
2026-02-02,2006,2,108.0,2.175969725638597,-0.18484288354898598,2.3390974468407477
2026-02-02,2006,3,108.6,2.1636876763875796,0.5555555555555503,2.364564496465201
2026-02-02,2006,4,109.2,2.4390243902439104,0.5524861878453118,2.2595605974233623
2026-02-02,2006,5,109.7,2.8116213683223994,0.4578754578754579,2.471444478317963
2026-02-02,2006,6,109.5,2.4321796071094424,-0.18231540565178014,2.560941788558584
2026-02-02,2006,7,109.6,2.3342670401493932,0.09132420091323681,2.5260226718604115
2026-02-02,2006,8,109.8,2.1395348837209274,0.18248175182482013,2.3019938436599205
2026-02-02,2006,9,109.2,0.7380073800737981,-0.5464480874316888,1.7372697679813731
2026-02-02,2006,10,109.0,1.0194624652455924,-0.18315018315018575,1.2990015763467726
2026-02-02,2006,11,109.2,1.392757660167131,0.1834862385321127,1.0500758351621737
2026-02-02,2006,12,109.4,1.672862453531609,0.18315018315018575,1.3616941929814441
2026-02-02,2007,1,109.4,1.1090573012939027,0.0,1.391559138330881
2026-02-02,2007,2,110.2,2.0370370370370394,0.731261425959778,1.6063189306208503
2026-02-02,2007,3,111.1,2.3020257826887662,0.8166969147005367,1.8160400403399024
2026-02-02,2007,4,111.6,2.19780219780219,0.45004500450045004,2.178955005842665
2026-02-02,2007,5,112.1,2.187784867821323,0.4480286738351255,2.2292042827707594
2026-02-02,2007,6,111.9,2.1917808219178134,-0.17841213202496756,2.1924559625137756
2026-02-02,2007,7,112.0,2.1897810218978155,0.08936550491509768,2.1897822372123175
2026-02-02,2007,8,111.7,1.7304189435337027,-0.2678571428571403,2.037326929116444
2026-02-02,2007,9,111.9,2.4725274725274753,0.17905102954342242,2.1309091459863314
2026-02-02,2007,10,111.6,2.385321100917426,-0.2680965147453185,2.1960891723262015
2026-02-02,2007,11,111.9,2.4725274725274753,0.26881720430108547,2.4434586819907924
2026-02-02,2007,12,112.0,2.3765996343692817,0.08936550491509768,2.4114827359380615
2026-02-02,2008,1,111.8,2.1937842778793337,-0.1785714285714311,2.3476371282586967
2026-02-02,2008,2,112.2,1.8148820326678767,0.3577817531305954,2.128421981638831
2026-02-02,2008,3,112.6,1.3501350135013503,0.35650623885917243,1.786267108016187
2026-02-02,2008,4,113.5,1.702508960573482,0.7992895204262928,1.6225086689142365
2026-02-02,2008,5,114.6,2.2301516503122216,0.9691629955947088,1.7609318747956848
2026-02-02,2008,6,115.4,3.1277926720285967,0.6980802792321217,2.3534844276381004
2026-02-02,2008,7,115.8,3.3928571428571406,0.3466204506065784,2.9169338217326533
2026-02-02,2008,8,115.6,3.4914950760966796,-0.1727115716753047,3.3373816303274726
2026-02-02,2008,9,115.7,3.3958891867739025,0.08650519031142606,3.4267471352425747
2026-02-02,2008,10,114.5,2.5985663082437327,-1.0371650821089047,3.1619835237047718
2026-02-02,2008,11,114.1,1.9660411081322506,-0.34934497816594384,2.6534988677166287
2026-02-02,2008,12,113.3,1.1607142857142831,-0.7011393514460974,1.9084405673634224
2026-02-02,2009,1,113.0,1.0733452593917736,-0.2647837599293885,1.400033551079436
2026-02-02,2009,2,113.8,1.426024955436715,0.7079646017699089,1.2200281668475907
2026-02-02,2009,3,114.0,1.2433392539964527,0.175746924428825,1.2475698229416474
2026-02-02,2009,4,113.9,0.3524229074889918,-0.08771929824560905,1.0072623723073868
2026-02-02,2009,5,114.7,0.0872600349040214,0.7023705004389791,0.5610073987964888
2026-02-02,2009,6,115.1,-0.25996533795494914,0.3487358326067929,0.0599058681460215
2026-02-02,2009,7,114.7,-0.9499136442141575,-0.347523892267586,-0.3742063157550282
2026-02-02,2009,8,114.7,-0.7785467128027609,0.0,-0.6628085649906224
2026-02-02,2009,9,114.7,-0.8643042350907518,0.0,-0.8642548640358899
2026-02-02,2009,10,114.6,0.08733624454147976,-0.08718395815170751,-0.5185049011173443
2026-02-02,2009,11,115.2,0.964066608238395,0.5235602094240912,0.06236620589637443
2026-02-02,2009,12,114.8,1.323918799646955,-0.34722222222222715,0.7917738841422768
2026-02-02,2010,1,115.1,1.8584070796460128,0.26132404181184427,1.382130829177121
2026-02-02,2010,2,115.6,1.5817223198594001,0.4344048653344918,1.5880160663841227
2026-02-02,2010,3,115.6,1.4035087719298196,0.0,1.6145460571450778
2026-02-02,2010,4,116.0,1.8437225636523213,0.3460207612456797,1.6096512184805138
2026-02-02,2010,5,116.3,1.3949433304271963,0.25862068965517,1.5473915553364457
2026-02-02,2010,6,116.2,0.9556907037358894,-0.08598452278589365,1.3981188659384693
2026-02-02,2010,7,116.8,1.830863121185697,0.5163511187607525,1.393832385116261
2026-02-02,2010,8,116.7,1.7436791630340016,-0.08561643835615952,1.5100776626518628
2026-02-02,2010,9,116.9,1.9180470793374045,0.17137960582690903,1.8308631211857012
2026-02-02,2010,10,117.4,2.443280977312401,0.42771599657827203,2.035002406561269
2026-02-02,2010,11,117.5,1.9965277777777752,0.08517887563883672,2.119285278142527
2026-02-02,2010,12,117.5,2.351916376306623,0.0,2.2639083771322666
2026-02-02,2011,1,117.8,2.345786272806258,0.2553191489361678,2.2314101422968857
2026-02-02,2011,2,118.1,2.162629757785467,0.25466893039048993,2.2867774689661164
2026-02-02,2011,3,119.4,3.28719723183392,1.1007620660457336,2.598537754141882
2026-02-02,2011,4,119.8,3.2758620689655147,0.3350083752093731,2.908563019528301
2026-02-02,2011,5,120.6,3.6973344797936347,0.6677796327211997,3.42013126019769
2026-02-02,2011,6,119.8,3.098106712564539,-0.663349917081258,3.357101087107896
2026-02-02,2011,7,120.0,2.739726027397263,0.16694490818030286,3.1783890732518127
2026-02-02,2011,8,120.3,3.0848329048843137,0.2499999999999976,2.9742218816153723
2026-02-02,2011,9,120.6,3.165098374679203,0.24937655860348892,2.996552435653593
2026-02-02,2011,10,120.8,2.8960817717206058,0.16583747927031744,3.048671017094708
2026-02-02,2011,11,120.9,2.893617021276601,0.08278145695364944,2.98493238922547
2026-02-02,2011,12,120.2,2.2978723404255343,-0.5789909015715491,2.695857044474247
2026-02-02,2012,1,120.7,2.461799660441431,0.4159733777038269,2.551096340714522
2026-02-02,2012,2,121.2,2.6248941574936566,0.4142502071251036,2.461522052786874
2026-02-02,2012,3,121.7,1.9262981574539337,0.4125412541254125,2.3376639917963407
2026-02-02,2012,4,122.2,2.003338898163611,0.4108463434675432,2.184843737703734
2026-02-02,2012,5,122.1,1.2437810945273633,-0.08183306055647178,1.7244727167149696
2026-02-02,2012,6,121.6,1.502504173622702,-0.4095004095004095,1.5832080554378924
2026-02-02,2012,7,121.5,1.25,-0.08223684210525849,1.3320950893833554
2026-02-02,2012,8,121.8,1.2468827930174564,0.24691358024691124,1.333128988880053
2026-02-02,2012,9,122.0,1.1608623548922103,0.16420361247947687,1.2192483826365559
2026-02-02,2012,10,122.2,1.1589403973509982,0.16393442622951052,1.1888951817535551
2026-02-02,2012,11,121.9,0.8271298593879239,-0.2454991816693921,1.0489775372103776
2026-02-02,2012,12,121.2,0.8319467554076538,-0.5742411812961467,0.9393390040488588
2026-02-02,2013,1,121.3,0.49710024855011953,0.08250825082507782,0.7187256211152326
2026-02-02,2013,2,122.7,1.2376237623762376,1.1541632316570534,0.8555569221113372
2026-02-02,2013,3,122.9,0.9860312243221059,0.16299918500407728,0.9069184117494878
2026-02-02,2013,4,122.7,0.4091653027823241,-0.16273393002441242,0.8776067631602226
2026-02-02,2013,5,123.0,0.7371007371007419,0.24449877750611013,0.7107657547350574
2026-02-02,2013,6,123.0,1.151315789473689,0.0,0.7658606097855851
2026-02-02,2013,7,123.1,1.3168724279835344,0.08130081300812546,1.068429651519322
2026-02-02,2013,8,123.1,1.0673234811165822,0.0,1.1785038995246018
2026-02-02,2013,9,123.3,1.065573770491801,0.16246953696182198,1.1499232265306394
2026-02-02,2013,10,123.0,0.6546644844517162,-0.24330900243308773,0.9291872453533667
2026-02-02,2013,11,123.0,0.9023789991796507,0.0,0.8742057513743894
2026-02-02,2013,12,122.7,1.2376237623762376,-0.24390243902438793,0.9315557486692017
2026-02-02,2014,1,123.1,1.4839241549876316,0.325998370008143,1.20797563884784
2026-02-02,2014,2,124.1,1.140994295028518,0.8123476848090984,1.2875140707974626
2026-02-02,2014,3,124.8,1.5459723352318888,0.5640612409347324,1.390296928416013
2026-02-02,2014,4,125.2,2.037489812550937,0.32051282051282504,1.574818814270448
2026-02-02,2014,5,125.8,2.27642276422764,0.47923322683705616,1.9532949706701555
2026-02-02,2014,6,125.9,2.357723577235777,0.07949125596185098,2.223878718004785
2026-02-02,2014,7,125.7,2.1121039805036625,-0.1588562351072302,2.2487501073223597
2026-02-02,2014,8,125.7,2.1121039805036625,0.0,2.193977179414367
2026-02-02,2014,9,125.8,2.0275750202757505,0.07955449482895331,2.0839276604276917
2026-02-02,2014,10,125.9,2.357723577235777,0.07949125596185098,2.165800859338397
2026-02-02,2014,11,125.4,1.9512195121951263,-0.3971405877680699,2.1121727032355513
2026-02-02,2014,12,124.5,1.4669926650366725,-0.7177033492823012,1.9253119181558587
2026-02-02,2015,1,124.3,0.9748172217709202,-0.16064257028112677,1.4643431330009065
2026-02-02,2015,2,125.4,1.0475423045930794,0.8849557522123963,1.1631173971335573
2026-02-02,2015,3,126.3,1.201923076923077,0.7177033492822898,1.0747608677623588
2026-02-02,2015,4,126.2,0.7987220447284344,-0.07917656373712931,1.0160624754148635
2026-02-02,2015,5,126.9,0.874403815580293,0.5546751188589563,0.9583496457439349
2026-02-02,2015,6,127.2,1.0325655281969794,0.23640661938534052,0.9018971295019024
2026-02-02,2015,7,127.3,1.2728719172633207,0.07861635220125339,1.059947087013531
2026-02-02,2015,8,127.3,1.2728719172633207,0.0,1.1927697875745402
2026-02-02,2015,9,127.1,1.0333863275039723,-0.15710919088766917,1.193043387343538
2026-02-02,2015,10,127.2,1.0325655281969794,0.07867820613690679,1.1129412576547575
2026-02-02,2015,11,127.1,1.3556618819776622,-0.07861635220126456,1.140537912559538
2026-02-02,2015,12,126.5,1.6064257028112447,-0.47206923682139607,1.331551037661962
2026-02-02,2016,1,126.8,2.011263073209976,0.23715415019762623,1.6577835526662943
2026-02-02,2016,2,127.1,1.3556618819776622,0.23659305993690627,1.6577835526662943
2026-02-02,2016,3,127.9,1.2668250197941477,0.6294256490952096,1.5445833249939287
2026-02-02,2016,4,128.3,1.664025356576869,0.31274433150899583,1.4288374194495599
2026-02-02,2016,5,128.8,1.497241922773842,0.38971161340607946,1.47603076638162
2026-02-02,2016,6,129.1,1.4937106918238927,0.23291925465837182,1.551659323724868
2026-02-02,2016,7,128.9,1.256873527101342,-0.15491866769944898,1.4159420472330257
2026-02-02,2016,8,128.7,1.099764336213662,-0.15515903801397754,1.2834495183796324
2026-02-02,2016,9,128.8,1.3375295043273148,0.07770007770009538,1.2313891225474396
2026-02-02,2016,10,129.1,1.4937106918238927,0.23291925465837182,1.3103348441216232
2026-02-02,2016,11,128.6,1.1801730920535012,-0.3872966692486445,1.337137762734903
2026-02-02,2016,12,128.4,1.5019762845849847,-0.1555209953343613,1.3919533561541264
2026-02-02,2017,1,129.5,2.129337539432179,0.8566978193146373,1.603828972023555
2026-02-02,2017,2,129.7,2.045633359559398,0.15444015444014567,1.8923157278588538
2026-02-02,2017,3,129.9,1.5637216575449568,0.1542020046260733,1.9128975188455108
2026-02-02,2017,4,130.4,1.6367887763055293,0.3849114703618167,1.7487145978032945
2026-02-02,2017,5,130.5,1.3198757763975066,0.07668711656441281,1.5067954034159976
2026-02-02,2017,6,130.4,1.0069713400464844,-0.0766283524904171,1.32121196424984
2026-02-02,2017,7,130.4,1.1636927851047323,0.0,1.163513300516241
2026-02-02,2017,8,130.5,1.3986013986014076,0.07668711656441281,1.189755174584208
2026-02-02,2017,9,130.8,1.5527950310559004,0.22988505747127308,1.3716964049206801
2026-02-02,2017,10,130.9,1.394268009295129,0.07645259938837484,1.4485548129841457
2026-02-02,2017,11,131.3,2.0995334370140104,0.3055767761650158,1.6821988257883465
2026-02-02,2017,12,130.8,1.8691588785046773,-0.3808073115003808,1.7876534416046053
2026-02-02,2018,1,131.7,1.69884169884169,0.6880733944953954,1.8891780047867925
2026-02-02,2018,2,132.5,2.158828064764851,0.6074411541382015,1.9089428807037392
2026-02-02,2018,3,132.9,2.3094688221709005,0.30188679245283445,2.0557128619258136
2026-02-02,2018,4,133.3,2.2239263803681024,0.30097817908202085,2.230741089101284
2026-02-02,2018,5,133.4,2.2222222222222263,0.0750187546886679,2.2518724749204098
2026-02-02,2018,6,133.6,2.453987730061341,0.14992503748125086,2.3000454442172233
2026-02-02,2018,7,134.3,2.990797546012274,0.5239520958083961,2.555669166098614
2026-02-02,2018,8,134.2,2.835249042145585,-0.07446016381237731,2.7600114394063997
2026-02-02,2018,9,133.7,2.2171253822629793,-0.3725782414307005,2.681057323473613
2026-02-02,2018,10,134.1,2.444614209320083,0.29917726252805216,2.4989962112428823
2026-02-02,2018,11,133.5,1.6755521706016667,-0.4474272930648727,2.1124305873949094
2026-02-02,2018,12,133.4,1.9877675840978548,-0.07490636704119424,2.0359779880065347
2026-02-02,2019,1,133.6,1.4426727410782125,0.14992503748125086,1.701997498592578
2026-02-02,2019,2,134.5,1.509433962264151,0.6736526946107827,1.6466247624800727
2026-02-02,2019,3,135.4,1.8811136192626032,0.6691449814126436,1.6110734408683223
2026-02-02,2019,4,136.0,2.02550637659414,0.4431314623338215,1.8053513193736315
2026-02-02,2019,5,136.6,2.398800599700141,0.4411764705882311,2.101806865185628
2026-02-02,2019,6,136.3,2.020958083832348,-0.21961932650071958,2.1484216867088763
2026-02-02,2019,7,137.0,2.010424422933722,0.5135730007336674,2.1433943688220705
2026-02-02,2019,8,136.8,1.9374068554396595,-0.14598540145984573,1.9895964540685762
2026-02-02,2019,9,136.2,1.8698578908002992,-0.4385964912280867,1.9392297230578937
2026-02-02,2019,10,136.6,1.864280387770321,0.2936857562408265,1.8905150446700931
2026-02-02,2019,11,136.4,2.172284644194761,-0.14641288433381305,1.9688076409217936
2026-02-02,2019,12,136.4,2.2488755622188905,0.0,2.0951468647279907
2026-02-02,2020,1,136.8,2.3952095808383365,0.29325513196481356,2.2721232624173293
2026-02-02,2020,2,137.4,2.156133828996287,0.438596491228066,2.2667396573511716
2026-02-02,2020,3,136.6,0.886262924667643,-0.582241630276573,1.812535444834089
2026-02-02,2020,4,135.7,-0.22058823529412602,-0.6588579795022004,0.9406028394566013
2026-02-02,2020,5,136.1,-0.36603221083455345,0.2947678703021413,0.0998808261796545
2026-02-02,2020,6,137.2,0.6603081438004235,0.8082292432035226,0.02456256589058133
2026-02-02,2020,7,137.2,0.14598540145984573,0.0,0.14675377814190524
2026-02-02,2020,8,137.0,0.14619883040934842,-0.14577259475217832,0.3174974585565392
2026-02-02,2020,9,136.9,0.5139500734214516,-0.07299270072992287,0.26871143509688195
2026-02-02,2020,10,137.5,0.6588579795022004,0.43827611395178545,0.4396689611110001
2026-02-02,2020,11,137.7,0.953079178885618,0.14545454545453718,0.7086290772697567
2026-02-02,2020,12,137.4,0.7331378299120234,-0.2178649237472643,0.781691662766614
2026-02-02,2021,1,138.2,1.0233918128654804,0.5822416302765523,0.9032029405543739
2026-02-02,2021,2,138.9,1.0917030567685588,0.506512301013037,0.9494108998486874
2026-02-02,2021,3,139.6,2.1961932650073206,0.5039596832253338,1.4370960448804535
2026-02-02,2021,4,140.3,3.3898305084745934,0.5014326647564593,2.225908943416824
2026-02-02,2021,5,141.0,3.6002939015429876,0.4989308624376255,3.0621058916749675
2026-02-02,2021,6,141.4,3.061224489795931,0.2836879432624154,3.3504496332711704
2026-02-02,2021,7,142.3,3.717201166180775,0.6364922206506405,3.4595731858398975
2026-02-02,2021,8,142.6,4.087591240875908,0.2108222066057505,3.622005632284205
2026-02-02,2021,9,142.9,4.382761139517896,0.21037868162693646,4.062517848858193
2026-02-02,2021,10,143.9,4.654545454545459,0.6997900629811056,4.374965944979755
2026-02-02,2021,11,144.2,4.720406681190995,0.2084781097984593,4.585904425084784
2026-02-02,2021,12,144.0,4.803493449781655,-0.1386962552011017,4.7261485285060365
2026-02-02,2022,1,145.3,5.13748191027498,0.9027777777777857,4.887127347082543
2026-02-02,2022,2,146.8,5.687544996400292,1.032346868547832,5.209506785485643
2026-02-02,2022,3,148.9,6.661891117478519,1.430517711171658,5.828972674717931
2026-02-02,2022,4,149.8,6.771204561653599,0.6044325050369413,6.3735468918441365
2026-02-02,2022,5,151.9,7.730496453900713,1.4018691588785008,7.054530711010944
2026-02-02,2022,6,152.9,8.132956152758132,0.6583278472679395,7.544885722770815
2026-02-02,2022,7,153.1,7.589599437807435,0.1308044473512025,7.817684014822093
2026-02-02,2022,8,152.6,7.012622720897616,-0.32658393207054215,7.578392770487728
2026-02-02,2022,9,152.7,6.857942617214824,0.06553079947574988,7.153388258639958
2026-02-02,2022,10,153.8,6.879777623349552,0.7203667321545664,6.916780987153996
2026-02-02,2022,11,154.0,6.796116504854377,0.13003901170350365,6.8446122484729175
2026-02-02,2022,12,153.1,6.31944444444444,-0.584415584415588,6.665112857549456
2026-02-02,2023,1,153.9,5.918788713007566,0.5225342913128749,6.344783220768794
2026-02-02,2023,2,154.5,5.24523160762942,0.3898635477582809,5.827821588360475
2026-02-02,2023,3,155.3,4.298186702484893,0.5177993527508165,5.154069007707293
2026-02-02,2023,4,156.4,4.405874499332439,0.7083065035415288,4.649764269815584
2026-02-02,2023,5,157.0,3.357472021066487,0.3836317135549836,4.020511074294606
2026-02-02,2023,6,157.2,2.8122956180510026,0.1273885350318399,3.5252140461499764
2026-02-02,2023,7,158.1,3.2658393207054215,0.5725190839694693,3.1452023199409704
2026-02-02,2023,8,158.7,3.9973787680209663,0.3795066413662203,3.3585045689257966
2026-02-02,2023,9,158.5,3.7982973149967334,-0.12602394454945726,3.6871718012410404
2026-02-02,2023,10,158.6,3.120936280884254,0.06309148264983869,3.6388707879673183
2026-02-02,2023,11,158.8,3.116883116883124,0.12610340479194013,3.3453722375880375
2026-02-02,2023,12,158.3,3.3964728935336495,-0.3148614609571788,3.211430763767009
2026-02-02,2024,1,158.3,2.8589993502274242,0.0,3.124118453548066
2026-02-02,2024,2,158.8,2.783171521035606,0.31585596967782686,3.0128812549322266
2026-02-02,2024,3,159.8,2.8976175144880876,0.6297229219143576,2.846596128583706
2026-02-02,2024,4,160.6,2.685421994884903,0.500625782227774,2.788737010136199
2026-02-02,2024,5,161.5,2.8662420382165608,0.5603985056039886,2.8164271825298504
2026-02-02,2024,6,161.4,2.6717557251908506,-0.06191950464395933,2.7411399194307715
2026-02-02,2024,7,162.1,2.5300442757748263,0.43370508054522217,2.6893473463940794
2026-02-02,2024,8,161.8,1.9533711405167127,-0.18507094386180317,2.3850570471607964
2026-02-02,2024,9,161.1,1.6403785488958953,-0.432632880098898,2.041264655062478
2026-02-02,2024,10,161.8,2.017654476670881,0.43451272501552896,1.8704680553611628
2026-02-02,2024,11,161.8,1.889168765743073,0.0,1.8490672637699497
2026-02-02,2024,12,161.2,1.8319646241313814,-0.3708281829419176,1.912929288848445
2026-02-02,2025,1,161.3,1.8951358180669613,0.062034739454108395,1.872089735980472
2026-02-02,2025,2,163.0,2.644836272040295,1.0539367637941652,2.1239789047462128
2026-02-02,2025,3,163.5,2.3153942428034973,0.3067484662576687,2.285122110970251
2026-02-02,2025,4,163.4,1.7434620174346271,-0.06116207951069989,2.2345641774261398
2026-02-02,2025,5,164.3,1.733746130030967,0.5507955936352543,1.9308674634230307
2026-02-02,2025,6,164.4,1.858736059479554,0.0608642726719381,1.778648068981716
2026-02-02,2025,7,164.9,1.7273288093769348,0.3041362530413625,1.7732703329624853
2026-02-02,2025,8,164.8,1.8541409147095178,-0.060642813826558103,1.8134019278553355
2026-02-02,2025,9,164.9,2.358783364369964,0.06067961165048198,1.9800843628188052
2026-02-02,2025,10,165.3,2.1631644004944373,0.24257125530624965,2.1253628931913062
2026-02-02,2025,11,165.4,2.224969097651418,0.06049606775559244,2.248972287505273
2026-02-02,2025,12,165.0,2.3573200992555905,-0.2418379685610675,2.2484845324671485
